time,elapsed,mode,PSU V,PSU I,Load V,Load I,mV1,mV2,mV3,mV4,mV5,mV6,mV7,mV8,mV9,mV10,mV11,mV12,mA
10:54:13,2,CC Discharge,0,0,0,0.825,3082.3, 3028.7, 3097.0, 3045.3, 3035.1, 3037.0, 3044.4, 3069.4, 3075.8, 3059.8, 3059.3, 3037.2,-000844.4
10:54:14,3,CC Discharge,0,0,0,0.825,3078.5, 3025.0, 3093.4, 3041.4, 3031.4, 3033.2, 3040.7, 3065.8, 3072.1, 3056.2, 3055.4, 3033.2,-000852.4
10:54:15,4,CC Discharge,0,0,0,0.825,3073.6, 3020.0, 3088.5, 3036.3, 3026.3, 3028.3, 3035.7, 3060.8, 3067.1, 3051.5, 3050.3, 3027.8,-000840.4
10:54:16,5,CC Discharge,0,0,0,0.825,3069.4, 3015.6, 3084.3, 3032.0, 3022.0, 3024.1, 3031.8, 3056.6, 3063.0, 3047.5, 3046.0, 3023.5,-000852.4
10:54:17,6,CC Discharge,0,0,0,0.825,3065.4, 3011.7, 3080.5, 3027.8, 3017.9, 3020.1, 3027.9, 3052.7, 3059.1, 3043.7, 3041.9, 3019.3,-000852.4
10:54:18,7,CC Discharge,0,0,0,0.825,3061.7, 3007.9, 3076.6, 3023.7, 3014.0, 3016.2, 3024.1, 3048.9, 3055.3, 3040.1, 3038.0, 3015.3,-000848.4
10:54:19,8,CC Discharge,0,0,0,0.825,3059.4, 3005.6, 3074.4, 3021.4, 3011.7, 3013.9, 3022.0, 3046.6, 3053.0, 3038.0, 3035.7, 3012.9,-000836.4
10:54:20,9,CC Discharge,0,0,0,0.825,3056.2, 3002.2, 3071.0, 3017.9, 3008.3, 3010.7, 3018.8, 3043.3, 3049.7, 3034.6, 3032.1, 3009.3,-000828.4
10:54:21,10,CC Discharge,0,0,0,0.825,3053.0, 2999.0, 3067.9, 3014.6, 3005.2, 3007.6, 3015.8, 3040.1, 3046.7, 3031.9, 3029.1, 3006.0,-000828.4
10:54:22,11,CC Discharge,0,0,0,0.825,3050.3, 2996.3, 3065.3, 3011.7, 3002.4, 3004.8, 3013.1, 3037.4, 3044.1, 3029.3, 3026.2, 3003.1,-000828.4
10:54:23,12,CC Discharge,0,0,0,0.825,3048.3, 2994.1, 3063.2, 3009.6, 3000.2, 3002.8, 3011.0, 3035.3, 3041.9, 3027.4, 3024.1, 3000.9,-000828.4
10:54:24,13,CC Discharge,0,0,0,0.825,3045.8, 2991.6, 3060.7, 3006.9, 2997.6, 3000.3, 3008.7, 3032.8, 3039.4, 3025.0, 3021.5, 2998.3,-000828.4
10:54:25,14,CC Discharge,0,0,0,0.825,3043.2, 2988.9, 3058.2, 3004.1, 2995.0, 2997.7, 3006.2, 3030.1, 3036.9, 3022.5, 3018.9, 2995.5,-000824.4
10:54:26,15,CC Discharge,0,0,0,0.825,3041.0, 2986.7, 3056.0, 3001.9, 2992.8, 2995.6, 3004.1, 3027.9, 3034.8, 3020.5, 3016.6, 2993.3,-000832.4
10:54:27,16,CC Discharge,0,0,0,0.825,3038.8, 2984.4, 3053.6, 2999.5, 2990.3, 2993.3, 3002.0, 3025.7, 3032.5, 3018.2, 3014.2, 2990.9,-000832.4
10:54:28,17,CC Discharge,0,0,0,0.825,3037.4, 2982.8, 3052.3, 2997.9, 2988.8, 2991.7, 3000.5, 3024.2, 3031.1, 3016.8, 3012.7, 2989.3,-000832.4
10:54:29,18,CC Discharge,0,0,0,0.825,3035.2, 2980.7, 3050.1, 2995.9, 2986.7, 2989.7, 2998.3, 3022.0, 3029.0, 3014.9, 3010.6, 2987.2,-000824.4
10:54:30,19,CC Discharge,0,0,0,0.825,3033.3, 2978.7, 3048.2, 2993.8, 2984.8, 2987.8, 2996.5, 3020.2, 3027.1, 3013.0, 3008.7, 2985.2,-000824.4
10:54:31,20,CC Discharge,0,0,0,0.825,3031.6, 2977.0, 3046.6, 2992.1, 2982.9, 2986.1, 2994.8, 3018.4, 3025.4, 3011.4, 3006.9, 2983.3,-000824.4
10:54:32,21,CC Discharge,0,0,0,0.825,3030.0, 2975.1, 3044.8, 2990.2, 2981.1, 2984.4, 2993.2, 3016.7, 3023.7, 3009.7, 3005.1, 2981.5,-000828.4
10:54:33,22,CC Discharge,0,0,0,0.825,3028.8, 2973.9, 3043.7, 2989.1, 2980.0, 2983.2, 2992.0, 3015.6, 3022.7, 3008.7, 3004.0, 2980.4,-000824.4
10:54:34,23,CC Discharge,0,0,0,0.825,3027.5, 2972.4, 3042.4, 2987.5, 2978.4, 2981.7, 2990.8, 3014.2, 3021.3, 3007.2, 3002.5, 2978.8,-000828.4
10:54:35,24,CC Discharge,0,0,0,0.825,3025.9, 2970.6, 3040.8, 2985.9, 2976.7, 2980.1, 2989.0, 3012.5, 3019.7, 3005.7, 3000.8, 2977.2,-000828.4
10:54:36,25,CC Discharge,0,0,0,0.825,3024.5, 2969.2, 3039.4, 2984.4, 2975.3, 2978.6, 2987.5, 3011.1, 3018.3, 3004.2, 2999.5, 2975.8,-000832.4
10:54:37,26,CC Discharge,0,0,0,0.825,3023.0, 2967.5, 3038.0, 2982.8, 2973.6, 2977.1, 2985.9, 3009.6, 3016.7, 3002.7, 2997.8, 2974.1,-000832.4
10:54:38,27,CC Discharge,0,0,0,0.825,3022.4, 2967.0, 3037.4, 2982.2, 2973.0, 2976.3, 2985.4, 3009.0, 3016.2, 3002.2, 2997.2, 2973.4,-000832.4
10:54:39,28,CC Discharge,0,0,0,0.825,3021.1, 2965.4, 3036.1, 2980.7, 2971.5, 2975.0, 2984.0, 3007.7, 3014.9, 3000.8, 2995.9, 2972.0,-000832.4
10:54:40,29,CC Discharge,0,0,0,0.825,3019.9, 2964.2, 3034.8, 2979.5, 2970.2, 2973.8, 2982.6, 3006.5, 3013.7, 2999.6, 2994.6, 2970.7,-000832.4
10:54:41,30,CC Discharge,0,0,0,0.825,3018.4, 2962.4, 3033.3, 2977.9, 2968.5, 2972.1, 2981.2, 3004.9, 3012.2, 2997.9, 2992.9, 2969.0,-000824.4
10:54:42,31,CC Discharge,0,0,0,0.825,3017.5, 2961.5, 3032.6, 2977.0, 2967.6, 2971.3, 2980.3, 3004.1, 3011.4, 2997.2, 2992.1, 2968.3,-000828.4
10:54:44,32,CC Discharge,0,0,0,0.825,2986.5, 3003.2, 2972.7, 2997.8, 2966.0, 2969.6, 2978.7, 3002.7, 3009.9, 2995.7, 2990.6, 2966.6,-000828.4
10:54:45,33,CC Discharge,0,0,0,0.825,2985.7, 3003.2, 2972.0, 2997.7, 2965.8, 2969.6, 2978.6, 3002.5, 3009.8, 2995.6, 2990.5, 2966.5,-000820.4
10:54:46,34,CC Discharge,0,0,0,0.825,2983.8, 3001.7, 2970.2, 2996.4, 2964.6, 2968.3, 2977.3, 3001.3, 3008.5, 2994.2, 2989.2, 2965.2,-000828.4
10:54:47,35,CC Discharge,0,0,0,0.825,2982.4, 3000.9, 2969.0, 2995.5, 2963.6, 2967.4, 2976.4, 3000.4, 3007.7, 2993.5, 2988.3, 2964.3,-000836.4
10:54:48,36,CC Discharge,0,0,0,0.825,2981.1, 2999.6, 2967.7, 2994.3, 2962.5, 2966.2, 2975.3, 2999.3, 3006.8, 2992.4, 2987.3, 2963.1,-000828.4
10:54:49,37,CC Discharge,0,0,0,0.825,2980.2, 2998.9, 2966.8, 2993.5, 2961.6, 2965.3, 2974.6, 2998.6, 3005.9, 2991.6, 2986.4, 2962.3,-000820.4
10:54:50,38,CC Discharge,0,0,0,0.825,2979.2, 2997.9, 2965.9, 2992.6, 2960.7, 2964.5, 2973.5, 2997.8, 3005.1, 2990.8, 2985.6, 2961.4,-000828.4
10:54:51,39,CC Discharge,0,0,0,0.825,2978.2, 2997.0, 2964.8, 2991.7, 2959.8, 2963.5, 2972.8, 2997.0, 3004.3, 2989.9, 2984.7, 2960.6,-000828.4
10:54:52,40,CC Discharge,0,0,0,0.825,2977.0, 2995.9, 2963.8, 2990.8, 2958.7, 2962.6, 2971.8, 2996.1, 3003.3, 2988.9, 2983.7, 2959.5,-000832.4
10:54:53,41,CC Discharge,0,0,0,0.825,2976.3, 2995.0, 2963.0, 2990.0, 2958.0, 2961.8, 2971.0, 2995.3, 3002.6, 2988.2, 2983.0, 2958.8,-000828.4
10:54:54,42,CC Discharge,0,0,0,0.825,2975.3, 2994.1, 2962.1, 2989.0, 2956.9, 2960.8, 2970.2, 2994.5, 3001.9, 2987.3, 2982.1, 2957.8,-000824.4
10:54:55,43,CC Discharge,0,0,0,0.825,2974.4, 2993.2, 2961.3, 2988.3, 2956.1, 2960.2, 2969.3, 2993.8, 3001.2, 2986.5, 2981.3, 2957.2,-000828.4
10:54:56,44,CC Discharge,0,0,0,0.825,2973.6, 2992.3, 2960.5, 2987.4, 2955.3, 2959.2, 2968.5, 2993.1, 3000.4, 2985.7, 2980.5, 2956.2,-000828.4
10:54:57,45,CC Discharge,0,0,0,0.825,2972.8, 2991.5, 2959.8, 2986.7, 2954.5, 2958.5, 2967.8, 2992.4, 2999.6, 2985.0, 2979.7, 2955.6,-000828.4
10:54:58,46,CC Discharge,0,0,0,0.825,2971.9, 2990.6, 2958.9, 2985.7, 2953.6, 2957.6, 2966.8, 2991.6, 2998.9, 2984.1, 2978.9, 2954.6,-000828.4
10:54:59,47,CC Discharge,0,0,0,0.825,2971.0, 2989.7, 2958.1, 2985.0, 2952.8, 2956.8, 2966.0, 2990.8, 2998.1, 2983.3, 2978.1, 2953.8,-000828.4
10:55:00,48,CC Discharge,0,0,0,0.825,2970.5, 2989.1, 2957.5, 2984.3, 2952.1, 2956.2, 2965.5, 2990.4, 2997.6, 2982.8, 2977.5, 2953.1,-000828.4
10:55:01,49,CC Discharge,0,0,0,0.825,2969.6, 2988.2, 2956.7, 2983.5, 2951.1, 2955.2, 2964.5, 2989.4, 2996.8, 2981.8, 2976.8, 2952.3,-000824.4
10:55:02,50,CC Discharge,0,0,0,0.825,2969.0, 2987.5, 2956.1, 2982.9, 2950.5, 2954.6, 2964.0, 2989.0, 2996.3, 2981.4, 2976.1, 2951.7,-000832.4
10:55:03,51,CC Discharge,0,0,0,0.825,2968.0, 2986.4, 2955.3, 2981.9, 2949.5, 2953.7, 2963.1, 2988.1, 2995.4, 2980.4, 2975.2, 2950.8,-000828.4
10:55:04,52,CC Discharge,0,0,0,0.825,2967.2, 2985.6, 2954.6, 2981.1, 2948.7, 2952.9, 2962.2, 2987.3, 2994.6, 2979.6, 2974.4, 2949.9,-000828.4
10:55:05,53,CC Discharge,0,0,0,0.825,2966.7, 2985.0, 2954.0, 2980.6, 2948.1, 2952.3, 2961.8, 2986.9, 2994.1, 2979.1, 2974.0, 2949.4,-000828.4
10:55:06,54,CC Discharge,0,0,0,0.825,2965.9, 2984.1, 2953.2, 2979.7, 2947.3, 2951.5, 2960.9, 2986.1, 2993.4, 2978.2, 2973.1, 2948.5,-000824.4
10:55:07,55,CC Discharge,0,0,0,0.825,2965.4, 2983.6, 2952.7, 2979.2, 2946.7, 2950.9, 2960.4, 2985.6, 2992.9, 2977.7, 2972.5, 2948.1,-000832.4
10:55:08,56,CC Discharge,0,0,0,0.825,2964.4, 2982.6, 2951.9, 2978.3, 2945.8, 2950.0, 2959.4, 2984.8, 2992.1, 2976.8, 2971.8, 2947.1,-000828.4
10:55:09,57,CC Discharge,0,0,0,0.825,2963.6, 2981.7, 2951.1, 2977.5, 2944.8, 2949.3, 2958.7, 2984.0, 2991.4, 2976.1, 2971.0, 2946.3,-000828.4
10:55:10,58,CC Discharge,0,0,0,0.825,2963.2, 2981.3, 2950.7, 2977.0, 2944.4, 2948.8, 2958.3, 2983.7, 2991.0, 2975.7, 2970.6, 2945.9,-000828.4
10:55:11,59,CC Discharge,0,0,0,0.825,2962.5, 2980.5, 2950.1, 2976.3, 2943.6, 2948.1, 2957.5, 2982.9, 2990.3, 2975.1, 2969.9, 2945.1,-000832.4
10:55:12,60,CC Discharge,0,0,0,0.825,2991.1, 2936.2, 3007.2, 2953.0, 2942.6, 2947.1, 2956.5, 2982.0, 2989.4, 2974.0, 2968.9, 2944.2,-000828.4
10:55:13,61,CC Discharge,0,0,0,0.825,2991.4, 2935.7, 3007.6, 2952.5, 2942.1, 2946.6, 2956.0, 2981.6, 2989.0, 2973.5, 2968.4, 2943.7,-000828.4
10:55:14,62,CC Discharge,0,0,0,0.825,2961.6, 2977.7, 2949.2, 2973.7, 2941.0, 2945.5, 2954.9, 3022.2, 2919.2, 2994.1, 2967.4, 2942.7,-000828.4
10:55:15,63,CC Discharge,0,0,0,0.825,2960.6, 2977.5, 2948.3, 2973.5, 2940.6, 2945.2, 2954.8, 3022.1, 2918.1, 2993.9, 2967.2, 2942.5,-000828.4
10:55:16,64,CC Discharge,0,0,0,0.825,2959.7, 2976.6, 2947.6, 2972.8, 2940.0, 2944.5, 2954.0, 3021.3, 2917.0, 2993.2, 2966.4, 2941.7,-000828.4
10:55:17,65,CC Discharge,0,0,0,0.825,2958.9, 2976.1, 2946.8, 2972.1, 2939.2, 2943.9, 2953.4, 3020.8, 2916.1, 2992.5, 2965.7, 2941.1,-000836.4
10:55:18,66,CC Discharge,0,0,0,0.825,2958.1, 2975.2, 2946.0, 2971.4, 2938.5, 2943.2, 2952.6, 3020.0, 2915.1, 2991.9, 2965.1, 2940.4,-000828.4
10:55:19,67,CC Discharge,0,0,0,0.825,2957.6, 2974.7, 2945.6, 2970.8, 2937.9, 2942.6, 2952.2, 3019.7, 2914.5, 2991.4, 2964.5, 2939.8,-000832.4
10:55:20,68,CC Discharge,0,0,0,0.825,2956.8, 2973.8, 2944.8, 2970.0, 2937.1, 2941.8, 2951.3, 3018.9, 2913.5, 2990.6, 2963.8, 2938.9,-000828.4
10:55:21,69,CC Discharge,0,0,0,0.825,2956.2, 2973.2, 2944.2, 2969.4, 2936.4, 2941.2, 2950.8, 3018.5, 2912.9, 2990.1, 2963.4, 2938.4,-000836.4
10:55:22,70,CC Discharge,0,0,0,0.825,2955.5, 2972.4, 2943.6, 2968.7, 2935.8, 2940.5, 2950.1, 3017.7, 2912.1, 2989.4, 2962.7, 2937.8,-000828.4
10:55:23,71,CC Discharge,0,0,0,0.825,2954.9, 2971.9, 2943.1, 2968.3, 2935.3, 2940.0, 2949.7, 3017.3, 2911.6, 2988.9, 2962.2, 2937.3,-000828.4
10:55:24,72,CC Discharge,0,0,0,0.825,2954.1, 2971.0, 2942.4, 2967.4, 2934.4, 2939.2, 2948.8, 3016.6, 2910.7, 2988.1, 2961.4, 2936.4,-000836.4
10:55:25,73,CC Discharge,0,0,0,0.825,2953.5, 2970.3, 2941.8, 2966.8, 2933.6, 2938.6, 2948.2, 3016.0, 2910.1, 2987.5, 2960.8, 2935.9,-000828.4
10:55:26,74,CC Discharge,0,0,0,0.825,2952.9, 2969.7, 2941.2, 2966.2, 2933.0, 2937.8, 2947.6, 3015.5, 2909.5, 2986.9, 2960.2, 2935.2,-000832.4
10:55:27,75,CC Discharge,0,0,0,0.825,2952.3, 2969.0, 2940.7, 2965.6, 2932.5, 2937.5, 2947.1, 3015.0, 2908.9, 2986.5, 2959.8, 2934.8,-000828.4
10:55:28,76,CC Discharge,0,0,0,0.825,2951.7, 2968.3, 2940.1, 2965.0, 2931.7, 2936.6, 2946.4, 3014.4, 2908.1, 2985.6, 2959.0, 2934.0,-000828.4
10:55:29,77,CC Discharge,0,0,0,0.825,2951.0, 2967.6, 2939.5, 2964.3, 2931.0, 2936.1, 2945.8, 3013.8, 2907.5, 2985.0, 2958.4, 2933.4,-000824.4
10:55:30,78,CC Discharge,0,0,0,0.825,2950.4, 2966.9, 2938.8, 2963.7, 2930.3, 2935.3, 2945.1, 3013.1, 2906.8, 2984.4, 2957.7, 2932.7,-000832.4
10:55:31,79,CC Discharge,0,0,0,0.825,2949.8, 2966.4, 2938.4, 2963.1, 2929.7, 2934.8, 2944.6, 3012.6, 2906.2, 2983.9, 2957.2, 2932.1,-000828.4
10:55:32,80,CC Discharge,0,0,0,0.825,2949.4, 2965.8, 2938.0, 2962.7, 2929.1, 2934.3, 2944.2, 3012.3, 2905.8, 2983.4, 2956.8, 2931.7,-000832.4
10:55:33,81,CC Discharge,0,0,0,0.825,2948.6, 2964.9, 2937.3, 2961.8, 2928.3, 2933.4, 2943.4, 3011.5, 2905.0, 2982.6, 2956.0, 2930.9,-000824.4
10:55:34,82,CC Discharge,0,0,0,0.825,2947.9, 2964.3, 2936.7, 2961.2, 2927.8, 2932.8, 2942.7, 3010.9, 2904.3, 2982.1, 2955.5, 2930.4,-000832.4
10:55:35,83,CC Discharge,0,0,0,0.825,2947.4, 2963.6, 2936.2, 2960.6, 2927.1, 2932.3, 2942.1, 3010.4, 2903.7, 2981.5, 2954.9, 2929.8,-000828.4
10:55:36,84,CC Discharge,0,0,0,0.825,2946.8, 2963.1, 2935.7, 2960.1, 2926.5, 2931.8, 2941.6, 3009.9, 2903.3, 2981.0, 2954.5, 2929.3,-000824.4
10:55:37,85,CC Discharge,0,0,0,0.825,2946.2, 2962.3, 2935.1, 2959.3, 2925.7, 2931.0, 2941.0, 3009.3, 2902.5, 2980.3, 2953.7, 2928.6,-000824.4
10:55:38,86,CC Discharge,0,0,0,0.825,2945.6, 2961.7, 2934.5, 2958.8, 2925.1, 2930.4, 2940.4, 3008.7, 2902.0, 2979.7, 2953.2, 2927.9,-000824.4
10:55:39,87,CC Discharge,0,0,0,0.825,2944.9, 2960.9, 2933.8, 2957.9, 2924.2, 2929.6, 2939.6, 3008.1, 2901.2, 2979.0, 2952.3, 2927.1,-000828.4
10:55:40,88,CC Discharge,0,0,0,0.825,2944.6, 2960.6, 2933.6, 2957.8, 2924.1, 2929.4, 2939.4, 3007.8, 2900.9, 2978.7, 2952.3, 2927.0,-000824.4
10:55:41,89,CC Discharge,0,0,0,0.825,2943.9, 2959.8, 2933.0, 2956.9, 2923.2, 2928.6, 2938.6, 3007.1, 2900.2, 2978.0, 2951.5, 2926.1,-000828.4
10:55:42,90,CC Discharge,0,0,0,0.825,2972.6, 2916.0, 2989.9, 2934.1, 2922.4, 2927.9, 2937.8, 2965.0, 2967.9, 2955.7, 2950.7, 2925.5,-000828.4
10:55:43,91,CC Discharge,0,0,0,0.825,2973.1, 2915.5, 2990.4, 2933.6, 2921.8, 2927.3, 2937.5, 2964.7, 2968.3, 2955.2, 2950.2, 2924.8,-000828.4
10:55:44,92,CC Discharge,0,0,0,0.825,2943.3, 2957.3, 2932.5, 2954.6, 2920.8, 2926.3, 2936.4, 3005.0, 2899.5, 2975.8, 2949.2, 2923.9,-000828.4
10:55:45,93,CC Discharge,0,0,0,0.825,2942.4, 2957.1, 2931.7, 2954.5, 2920.5, 2926.1, 2936.3, 3004.9, 2898.7, 2975.6, 2949.1, 2923.8,-000828.4
10:55:46,94,CC Discharge,0,0,0,0.825,2941.5, 2956.3, 2930.7, 2953.7, 2919.7, 2925.4, 2935.5, 3004.2, 2897.7, 2975.0, 2948.3, 2923.0,-000832.4
10:55:47,95,CC Discharge,0,0,0,0.825,2940.9, 2955.8, 2930.2, 2953.4, 2919.3, 2924.9, 2935.1, 3003.8, 2897.1, 2974.5, 2948.0, 2922.6,-000828.4
10:55:48,96,CC Discharge,0,0,0,0.825,2940.1, 2955.0, 2929.6, 2952.5, 2918.5, 2924.1, 2934.4, 3003.2, 2896.4, 2973.6, 2947.2, 2921.8,-000832.4
10:55:49,97,CC Discharge,0,0,0,0.825,2939.7, 2954.6, 2929.1, 2952.2, 2918.0, 2923.7, 2934.0, 3002.8, 2895.9, 2973.3, 2946.9, 2921.5,-000832.4
10:55:50,98,CC Discharge,0,0,0,0.825,2938.9, 2953.7, 2928.3, 2951.3, 2917.3, 2922.9, 2933.2, 3002.1, 2895.1, 2972.5, 2946.2, 2920.7,-000832.4
10:55:52,100,CC Discharge,0,0,0,0.825,2937.7, 2952.5, 2927.3, 2950.2, 2916.0, 2921.7, 2932.1, 3001.1, 2893.9, 2971.4, 2945.0, 2919.5,-000828.4
10:55:53,101,CC Discharge,0,0,0,0.825,2937.1, 2951.7, 2926.7, 2949.7, 2915.4, 2921.3, 2931.5, 3000.5, 2893.4, 2970.9, 2944.5, 2918.9,-000828.4
10:55:54,102,CC Discharge,0,0,0,0.825,2936.5, 2951.2, 2926.2, 2949.1, 2914.7, 2920.6, 2931.0, 3000.0, 2892.7, 2970.3, 2944.0, 2918.5,-000828.4
10:55:55,103,CC Discharge,0,0,0,0.825,2935.9, 2950.6, 2925.7, 2948.4, 2914.0, 2920.0, 2930.3, 2999.4, 2892.1, 2969.8, 2943.3, 2917.8,-000828.4
10:55:56,104,CC Discharge,0,0,0,0.825,2935.3, 2949.9, 2925.2, 2948.0, 2913.6, 2919.4, 2929.8, 2999.0, 2891.6, 2969.2, 2942.9, 2917.3,-000824.4
10:55:57,105,CC Discharge,0,0,0,0.825,2934.8, 2949.4, 2924.8, 2947.5, 2913.1, 2919.0, 2929.4, 2998.6, 2891.3, 2968.7, 2942.5, 2916.8,-000828.4
10:55:58,106,CC Discharge,0,0,0,0.825,2934.2, 2948.7, 2924.1, 2946.7, 2912.2, 2918.2, 2928.6, 2997.8, 2890.4, 2968.1, 2941.8, 2916.1,-000832.4
10:55:59,107,CC Discharge,0,0,0,0.825,2933.6, 2948.0, 2923.6, 2946.1, 2911.6, 2917.6, 2928.0, 2997.3, 2889.9, 2967.6, 2941.1, 2915.5,-000828.4
10:56:00,108,CC Discharge,0,0,0,0.825,2932.8, 2947.1, 2922.8, 2945.2, 2910.6, 2916.8, 2927.2, 2996.6, 2889.0, 2966.7, 2940.4, 2914.6,-000824.4
10:56:01,109,CC Discharge,0,0,0,0.825,2932.6, 2946.9, 2922.6, 2945.0, 2910.5, 2916.5, 2927.1, 2996.5, 2888.9, 2966.4, 2940.2, 2914.4,-000828.4
10:56:02,110,CC Discharge,0,0,0,0.825,2932.0, 2946.2, 2922.0, 2944.4, 2909.7, 2915.9, 2926.4, 2995.8, 2888.2, 2965.8, 2939.5, 2913.8,-000824.4
10:56:03,111,CC Discharge,0,0,0,0.825,2931.2, 2945.4, 2921.3, 2943.7, 2908.9, 2915.0, 2925.7, 2995.1, 2887.4, 2965.0, 2938.8, 2912.9,-000832.4
10:56:04,112,CC Discharge,0,0,0,0.825,2930.5, 2944.8, 2920.8, 2943.0, 2908.4, 2914.5, 2925.1, 2994.5, 2886.8, 2964.5, 2938.3, 2912.4,-000824.4
10:56:05,113,CC Discharge,0,0,0,0.825,2930.0, 2943.9, 2920.2, 2942.4, 2907.6, 2913.8, 2924.4, 2993.9, 2886.2, 2963.9, 2937.6, 2911.8,-000828.4
10:56:06,114,CC Discharge,0,0,0,0.825,2929.7, 2943.7, 2920.0, 2942.1, 2907.3, 2913.6, 2924.2, 2993.7, 2886.0, 2963.6, 2937.4, 2911.6,-000832.4
10:56:07,115,CC Discharge,0,0,0,0.825,2928.9, 2942.8, 2919.2, 2941.2, 2906.3, 2912.6, 2923.3, 2993.0, 2885.1, 2962.7, 2936.5, 2910.6,-000832.4
10:56:08,116,CC Discharge,0,0,0,0.825,2928.3, 2942.1, 2918.7, 2940.7, 2905.8, 2912.2, 2922.7, 2992.4, 2884.6, 2962.1, 2936.1, 2910.2,-000828.4
10:56:09,117,CC Discharge,0,0,0,0.825,2927.8, 2941.5, 2918.3, 2940.1, 2905.1, 2911.5, 2922.2, 2992.0, 2884.0, 2961.6, 2935.5, 2909.6,-000828.4
10:56:10,118,CC Discharge,0,0,0,0.825,2927.1, 2940.8, 2917.6, 2939.4, 2904.3, 2910.9, 2921.6, 2991.3, 2883.4, 2961.1, 2934.8, 2908.8,-000832.4
10:56:11,119,CC Discharge,0,0,0,0.825,2926.9, 2940.5, 2917.4, 2939.1, 2904.0, 2910.6, 2921.4, 2991.1, 2883.1, 2960.8, 2934.6, 2908.6,-000828.4
10:56:12,120,CC Discharge,0,0,0,0.825,2955.3, 2896.9, 2974.1, 2916.2, 2903.1, 2909.7, 2920.6, 2949.1, 2950.4, 2938.4, 2933.7, 2907.9,-000832.4
10:56:13,121,CC Discharge,0,0,0,0.825,2955.8, 2896.4, 2974.5, 2915.8, 2902.6, 2909.1, 2920.0, 2948.7, 2950.8, 2938.0, 2933.3, 2907.4,-000828.4
10:56:14,122,CC Discharge,0,0,0,0.825,2926.4, 2938.2, 2917.1, 2937.0, 2901.8, 2908.4, 2950.9, 2911.0, 2923.5, 2959.0, 2932.5, 2906.5,-000828.4
10:56:15,123,CC Discharge,0,0,0,0.825,2925.4, 2937.6, 2916.1, 2936.6, 2901.3, 2908.0, 2950.6, 2909.7, 2922.4, 2958.7, 2932.2, 2906.2,-000832.4
10:56:16,124,CC Discharge,0,0,0,0.825,2924.6, 2937.1, 2915.3, 2936.0, 2900.7, 2907.4, 2950.0, 2908.7, 2921.5, 2958.0, 2931.6, 2905.5,-000824.4
10:56:17,125,CC Discharge,0,0,0,0.825,2923.9, 2936.4, 2914.7, 2935.5, 2900.1, 2906.8, 2949.5, 2907.8, 2920.9, 2957.5, 2931.1, 2905.0,-000832.4
10:56:18,126,CC Discharge,0,0,0,0.825,2923.2, 2936.0, 2914.2, 2934.9, 2899.6, 2906.4, 2948.9, 2907.1, 2920.3, 2957.1, 2930.6, 2904.6,-000832.4
10:56:19,127,CC Discharge,0,0,0,0.825,2922.6, 2935.1, 2913.4, 2934.1, 2898.7, 2905.5, 2948.2, 2906.2, 2919.5, 2956.3, 2929.9, 2903.7,-000824.4
10:56:20,128,CC Discharge,0,0,0,0.825,2921.9, 2934.5, 2912.9, 2933.5, 2898.1, 2904.9, 2947.5, 2905.3, 2918.9, 2955.7, 2929.4, 2903.3,-000832.4
10:56:21,129,CC Discharge,0,0,0,0.825,2921.3, 2933.8, 2912.2, 2932.8, 2897.4, 2904.2, 2946.9, 2904.6, 2918.0, 2955.0, 2928.6, 2902.5,-000824.4
10:56:22,130,CC Discharge,0,0,0,0.825,2920.9, 2933.4, 2912.1, 2932.6, 2897.1, 2904.0, 2946.8, 2904.3, 2918.0, 2954.8, 2928.6, 2902.3,-000832.4
10:56:23,131,CC Discharge,0,0,0,0.825,2920.1, 2932.5, 2911.2, 2931.8, 2896.2, 2903.1, 2945.8, 2903.2, 2917.0, 2954.0, 2927.7, 2901.4,-000832.4
10:56:24,132,CC Discharge,0,0,0,0.825,2919.5, 2932.0, 2910.8, 2931.2, 2895.6, 2902.7, 2945.4, 2902.7, 2916.4, 2953.6, 2927.1, 2901.0,-000828.4
10:56:25,133,CC Discharge,0,0,0,0.825,2918.9, 2931.2, 2910.1, 2930.6, 2895.0, 2902.0, 2944.7, 2902.1, 2915.9, 2952.9, 2926.5, 2900.3,-000824.4
10:56:26,134,CC Discharge,0,0,0,0.825,2918.5, 2930.8, 2909.8, 2930.1, 2894.4, 2901.6, 2944.4, 2901.5, 2915.4, 2952.5, 2926.1, 2899.8,-000832.4
10:56:27,135,CC Discharge,0,0,0,0.825,2917.8, 2930.0, 2909.1, 2929.4, 2893.8, 2900.8, 2943.6, 2900.8, 2914.7, 2951.8, 2925.5, 2899.2,-000832.4
10:56:28,136,CC Discharge,0,0,0,0.825,2917.4, 2929.4, 2908.7, 2928.9, 2893.1, 2900.1, 2943.2, 2900.2, 2914.2, 2951.3, 2925.0, 2898.6,-000824.4
10:56:29,137,CC Discharge,0,0,0,0.825,2916.7, 2928.8, 2908.1, 2928.3, 2892.5, 2899.8, 2942.5, 2899.5, 2913.5, 2950.7, 2924.4, 2898.2,-000836.4
10:56:30,138,CC Discharge,0,0,0,0.825,2916.1, 2928.1, 2907.6, 2927.7, 2891.7, 2899.0, 2942.0, 2898.9, 2912.9, 2950.0, 2923.8, 2897.5,-000832.4
10:56:31,139,CC Discharge,0,0,0,0.825,2915.6, 2927.5, 2907.1, 2927.1, 2891.1, 2898.5, 2941.4, 2898.3, 2912.3, 2949.6, 2923.3, 2896.9,-000836.4
10:56:32,140,CC Discharge,0,0,0,0.825,2915.1, 2926.9, 2906.6, 2926.5, 2890.5, 2897.9, 2940.8, 2897.8, 2911.9, 2949.0, 2922.8, 2896.4,-000828.4
10:56:33,141,CC Discharge,0,0,0,0.825,2914.3, 2926.1, 2906.0, 2926.0, 2889.9, 2897.3, 2940.1, 2897.0, 2911.2, 2948.3, 2922.2, 2895.7,-000828.4
10:56:34,142,CC Discharge,0,0,0,0.825,2913.9, 2925.6, 2905.5, 2925.4, 2889.3, 2896.8, 2939.7, 2896.4, 2910.7, 2947.9, 2921.7, 2895.4,-000832.4
10:56:35,143,CC Discharge,0,0,0,0.825,2913.3, 2924.9, 2905.1, 2924.8, 2888.5, 2896.1, 2939.1, 2895.9, 2910.1, 2947.2, 2921.1, 2894.6,-000828.4
10:56:36,144,CC Discharge,0,0,0,0.825,2912.6, 2924.2, 2904.5, 2924.1, 2887.9, 2895.4, 2938.4, 2895.2, 2909.4, 2946.6, 2920.5, 2894.0,-000832.4
10:56:37,145,CC Discharge,0,0,0,0.825,2912.2, 2923.7, 2904.0, 2923.7, 2887.4, 2894.9, 2938.0, 2894.7, 2909.0, 2946.2, 2920.0, 2893.5,-000832.4
10:56:38,146,CC Discharge,0,0,0,0.825,2911.5, 2923.0, 2903.4, 2923.0, 2886.6, 2894.2, 2937.3, 2894.0, 2908.3, 2945.6, 2919.4, 2892.9,-000832.4
10:56:39,147,CC Discharge,0,0,0,0.825,2911.1, 2922.5, 2903.0, 2922.5, 2886.2, 2893.8, 2936.9, 2893.5, 2907.9, 2945.1, 2919.0, 2892.4,-000828.4
10:56:40,148,CC Discharge,0,0,0,0.825,2910.4, 2921.7, 2902.3, 2921.7, 2885.4, 2893.0, 2936.1, 2892.8, 2907.2, 2944.3, 2918.3, 2891.7,-000832.4
10:56:41,149,CC Discharge,0,0,0,0.825,2910.0, 2921.1, 2902.1, 2921.3, 2884.8, 2892.6, 2935.7, 2892.3, 2906.7, 2944.0, 2917.7, 2891.2,-000824.4
10:56:42,150,CC Discharge,0,0,0,0.825,2938.3, 2877.8, 2958.4, 2898.6, 2883.9, 2891.7, 2903.4, 2928.2, 2933.1, 2921.5, 2917.0, 2890.5,-000828.4
10:56:43,151,CC Discharge,0,0,0,0.825,2939.0, 2877.5, 2959.0, 2898.2, 2883.5, 2891.3, 2903.2, 2928.9, 2933.8, 2921.2, 2916.8, 2890.1,-000828.4
10:56:44,152,CC Discharge,0,0,0,0.825,2909.8, 2919.1, 2902.0, 2919.4, 2882.8, 2890.6, 2933.9, 2892.1, 2906.7, 2942.1, 2916.1, 2889.4,-000828.4
10:56:45,153,CC Discharge,0,0,0,0.825,2908.6, 2918.6, 2900.9, 2918.8, 2882.2, 2890.1, 2933.4, 2890.9, 2905.4, 2941.6, 2915.4, 2888.8,-000832.4
10:56:46,154,CC Discharge,0,0,0,0.825,2907.5, 2917.6, 2899.9, 2918.1, 2881.4, 2889.3, 2932.6, 2889.9, 2904.4, 2940.9, 2914.8, 2888.1,-000832.4
10:56:47,155,CC Discharge,0,0,0,0.825,2906.8, 2917.0, 2899.2, 2917.4, 2880.7, 2888.7, 2932.0, 2889.0, 2903.6, 2940.2, 2914.1, 2887.5,-000824.4
10:56:48,156,CC Discharge,0,0,0,0.825,2906.5, 2916.7, 2898.9, 2917.2, 2880.3, 2888.4, 2931.8, 2888.7, 2903.3, 2940.0, 2914.0, 2887.3,-000832.4
10:56:49,157,CC Discharge,0,0,0,0.825,2905.7, 2915.7, 2898.1, 2916.3, 2879.4, 2887.4, 2931.0, 2887.8, 2902.3, 2939.1, 2913.1, 2886.3,-000832.4
10:56:50,158,CC Discharge,0,0,0,0.825,2905.0, 2915.1, 2897.5, 2915.7, 2878.8, 2887.0, 2930.4, 2887.3, 2901.8, 2938.6, 2912.7, 2886.0,-000832.4
10:56:51,159,CC Discharge,0,0,0,0.825,2904.4, 2914.4, 2897.0, 2915.2, 2878.1, 2886.3, 2929.7, 2886.4, 2901.1, 2938.1, 2912.0, 2885.2,-000836.4
10:56:52,160,CC Discharge,0,0,0,0.825,2903.8, 2913.9, 2896.5, 2914.6, 2877.6, 2885.9, 2929.2, 2885.9, 2900.7, 2937.5, 2911.5, 2884.8,-000828.4
10:56:53,161,CC Discharge,0,0,0,0.825,2903.3, 2913.4, 2896.1, 2914.0, 2876.9, 2885.1, 2928.7, 2885.4, 2900.0, 2937.1, 2910.9, 2884.2,-000824.4
10:56:54,162,CC Discharge,0,0,0,0.825,2902.8, 2912.7, 2895.5, 2913.5, 2876.4, 2884.8, 2928.3, 2884.8, 2899.5, 2936.5, 2910.5, 2883.9,-000828.4
10:56:55,163,CC Discharge,0,0,0,0.825,2902.1, 2911.9, 2894.9, 2912.8, 2875.6, 2883.9, 2927.5, 2884.1, 2898.7, 2935.7, 2909.8, 2883.0,-000832.4
10:56:56,164,CC Discharge,0,0,0,0.825,2901.6, 2911.3, 2894.4, 2912.2, 2875.0, 2883.4, 2927.0, 2883.5, 2898.1, 2935.2, 2909.3, 2882.6,-000828.4
10:56:57,165,CC Discharge,0,0,0,0.825,2901.0, 2910.7, 2893.8, 2911.6, 2874.4, 2882.8, 2926.4, 2882.9, 2897.6, 2934.6, 2908.8, 2881.9,-000824.4
10:56:58,166,CC Discharge,0,0,0,0.825,2900.5, 2910.2, 2893.5, 2911.3, 2873.9, 2882.4, 2926.0, 2882.5, 2897.3, 2934.3, 2908.4, 2881.6,-000836.4
10:56:59,167,CC Discharge,0,0,0,0.825,2899.8, 2909.4, 2892.9, 2910.4, 2873.1, 2881.5, 2925.2, 2881.7, 2896.5, 2933.4, 2907.7, 2880.7,-000832.4
10:57:00,168,CC Discharge,0,0,0,0.825,2899.2, 2908.7, 2892.3, 2909.8, 2872.3, 2881.0, 2924.7, 2881.2, 2895.9, 2932.9, 2907.1, 2880.1,-000824.4
10:57:01,169,CC Discharge,0,0,0,0.825,2898.4, 2907.7, 2891.5, 2908.9, 2871.5, 2880.1, 2923.8, 2880.1, 2894.9, 2932.1, 2906.2, 2879.2,-000828.4
10:57:02,170,CC Discharge,0,0,0,0.825,2898.2, 2907.6, 2891.4, 2908.9, 2871.3, 2879.9, 2923.7, 2880.0, 2894.9, 2931.9, 2906.1, 2879.2,-000832.4
10:57:03,171,CC Discharge,0,0,0,0.825,2897.5, 2906.8, 2890.7, 2908.1, 2870.5, 2879.2, 2922.9, 2879.4, 2894.1, 2931.2, 2905.4, 2878.4,-000828.4
10:57:04,172,CC Discharge,0,0,0,0.825,2896.8, 2906.0, 2890.1, 2907.4, 2869.7, 2878.4, 2922.3, 2878.6, 2893.4, 2930.6, 2904.8, 2877.7,-000824.4
10:57:05,173,CC Discharge,0,0,0,0.825,2896.2, 2905.2, 2889.4, 2906.7, 2869.0, 2877.9, 2921.6, 2878.0, 2892.8, 2929.9, 2904.1, 2877.1,-000828.4
10:57:06,174,CC Discharge,0,0,0,0.825,2895.6, 2904.4, 2889.0, 2906.0, 2868.2, 2877.1, 2920.9, 2877.2, 2892.1, 2929.3, 2903.5, 2876.5,-000832.4
10:57:07,175,CC Discharge,0,0,0,0.825,2895.1, 2904.2, 2888.7, 2905.6, 2867.8, 2876.8, 2920.6, 2877.0, 2891.9, 2928.9, 2903.3, 2876.2,-000828.4
10:57:08,176,CC Discharge,0,0,0,0.825,2894.6, 2903.4, 2888.0, 2905.0, 2867.1, 2876.0, 2919.9, 2876.2, 2891.2, 2928.2, 2902.5, 2875.4,-000836.4
10:57:09,177,CC Discharge,0,0,0,0.825,2893.8, 2902.6, 2887.4, 2904.2, 2866.3, 2875.3, 2919.2, 2875.5, 2890.5, 2927.5, 2901.8, 2874.7,-000828.4
10:57:10,178,CC Discharge,0,0,0,0.825,2893.3, 2901.9, 2886.9, 2903.7, 2865.6, 2874.7, 2918.7, 2874.9, 2889.9, 2927.0, 2901.2, 2874.1,-000832.4
10:57:11,179,CC Discharge,0,0,0,0.825,2892.6, 2901.2, 2886.3, 2903.0, 2864.9, 2874.1, 2918.0, 2874.3, 2889.3, 2926.5, 2900.7, 2873.6,-000836.4
10:57:12,180,CC Discharge,0,0,0,0.825,2920.9, 2858.3, 2942.6, 2880.6, 2864.2, 2873.5, 2886.1, 2910.2, 2915.6, 2904.3, 2900.0, 2872.9,-000836.4
10:57:13,181,CC Discharge,0,0,0,0.825,2921.5, 2857.7, 2943.1, 2880.1, 2863.7, 2873.0, 2885.7, 2910.7, 2916.1, 2903.8, 2899.7, 2872.5,-000828.4
10:57:14,182,CC Discharge,0,0,0,0.825,2892.4, 2899.0, 2886.2, 2901.0, 2862.7, 2872.1, 2916.1, 2874.0, 2889.1, 2924.4, 2898.8, 2871.6,-000832.4
10:57:15,183,CC Discharge,0,0,0,0.825,2891.4, 2898.6, 2885.3, 2900.7, 2862.3, 2871.7, 2915.8, 2873.0, 2888.1, 2924.1, 2898.4, 2871.3,-000836.4
10:57:16,184,CC Discharge,0,0,0,0.825,2890.5, 2898.0, 2884.5, 2900.1, 2861.7, 2871.1, 2915.2, 2872.1, 2887.1, 2923.6, 2897.9, 2870.7,-000832.4
10:57:17,185,CC Discharge,0,0,0,0.825,2889.5, 2897.0, 2883.5, 2899.2, 2860.7, 2870.1, 2914.2, 2871.1, 2886.1, 2922.7, 2897.0, 2869.8,-000832.4
10:57:18,186,CC Discharge,0,0,0,0.825,2889.3, 2896.9, 2883.5, 2899.1, 2860.5, 2870.1, 2914.3, 2870.8, 2886.0, 2922.6, 2897.0, 2869.7,-000836.4
10:57:19,187,CC Discharge,0,0,0,0.825,2888.4, 2896.0, 2882.6, 2898.3, 2859.7, 2869.2, 2913.5, 2870.1, 2885.1, 2921.8, 2896.2, 2868.9,-000828.4
10:57:20,188,CC Discharge,0,0,0,0.825,2887.8, 2895.3, 2882.0, 2897.6, 2859.0, 2868.6, 2912.9, 2869.3, 2884.4, 2921.3, 2895.7, 2868.3,-000832.4
10:57:21,189,CC Discharge,0,0,0,0.825,2887.0, 2894.4, 2881.2, 2896.8, 2858.1, 2867.8, 2911.9, 2868.5, 2883.5, 2920.4, 2894.8, 2867.4,-000832.4
10:57:22,190,CC Discharge,0,0,0,0.825,2886.4, 2893.7, 2880.7, 2896.3, 2857.5, 2867.2, 2911.5, 2867.9, 2883.0, 2919.8, 2894.3, 2867.0,-000828.4
10:57:23,191,CC Discharge,0,0,0,0.825,2886.0, 2893.2, 2880.3, 2895.8, 2857.0, 2866.7, 2911.1, 2867.4, 2882.5, 2919.4, 2893.9, 2866.4,-000828.4
10:57:24,192,CC Discharge,0,0,0,0.825,2885.4, 2892.6, 2879.9, 2895.2, 2856.4, 2866.2, 2910.5, 2866.9, 2882.0, 2918.9, 2893.2, 2866.0,-000832.4
10:57:25,193,CC Discharge,0,0,0,0.825,2884.5, 2891.6, 2879.0, 2894.3, 2855.4, 2865.2, 2909.6, 2866.0, 2881.1, 2918.1, 2892.5, 2865.0,-000828.4
10:57:26,194,CC Discharge,0,0,0,0.825,2884.0, 2891.1, 2878.6, 2893.8, 2854.9, 2864.6, 2909.1, 2865.5, 2880.6, 2917.5, 2892.0, 2864.6,-000836.4
10:57:27,195,CC Discharge,0,0,0,0.825,2883.3, 2890.2, 2877.9, 2893.0, 2854.0, 2863.9, 2908.5, 2864.7, 2879.8, 2916.8, 2891.4, 2863.9,-000836.4
10:57:28,196,CC Discharge,0,0,0,0.825,2882.9, 2889.8, 2877.6, 2892.6, 2853.5, 2863.5, 2908.1, 2864.3, 2879.4, 2916.3, 2891.0, 2863.5,-000828.4
10:57:29,197,CC Discharge,0,0,0,0.825,2882.2, 2889.0, 2877.0, 2891.9, 2852.7, 2862.8, 2907.3, 2863.6, 2878.8, 2915.6, 2890.3, 2862.8,-000828.4
10:57:30,198,CC Discharge,0,0,0,0.825,2881.9, 2888.5, 2876.5, 2891.4, 2852.2, 2862.3, 2907.0, 2863.2, 2878.3, 2915.3, 2889.9, 2862.4,-000828.4
10:57:31,199,CC Discharge,0,0,0,0.825,2881.0, 2887.7, 2875.8, 2890.5, 2851.4, 2861.6, 2906.1, 2862.3, 2877.5, 2914.5, 2889.1, 2861.6,-000832.4
10:57:32,200,CC Discharge,0,0,0,0.825,2880.4, 2886.9, 2875.3, 2890.0, 2850.6, 2860.9, 2905.6, 2861.7, 2876.9, 2913.9, 2888.5, 2861.0,-000828.4
10:57:33,201,CC Discharge,0,0,0,0.825,2879.8, 2886.3, 2874.8, 2889.4, 2850.0, 2860.3, 2905.0, 2861.1, 2876.4, 2913.3, 2888.0, 2860.4,-000832.4
10:57:34,202,CC Discharge,0,0,0,0.825,2879.4, 2885.8, 2874.4, 2889.0, 2849.6, 2859.8, 2904.6, 2860.7, 2875.9, 2912.9, 2887.7, 2860.0,-000828.4
10:57:36,2,CC Discharge,0,0,0,0.4125,2908.6, 2920.1, 2901.6, 2922.9, 2881.9, 2895.6, 2940.2, 2890.3, 2906.8, 2943.3, 2919.2, 2899.0,-000408.4
10:57:37,3,CC Discharge,0,0,0,0.4125,2909.9, 2921.6, 2903.0, 2924.5, 2883.5, 2897.1, 2941.7, 2891.7, 2908.2, 2944.7, 2920.9, 2900.6,-000404.4
10:57:38,4,CC Discharge,0,0,0,0.4125,2910.4, 2922.2, 2903.4, 2925.0, 2884.1, 2897.7, 2942.2, 2892.3, 2908.7, 2945.2, 2921.4, 2901.2,-000408.4
10:57:39,5,CC Discharge,0,0,0,0.4125,2911.4, 2923.3, 2904.4, 2926.3, 2885.2, 2898.9, 2943.4, 2893.2, 2909.8, 2946.4, 2922.6, 2902.5,-000408.4
10:57:40,6,CC Discharge,0,0,0,0.4125,2911.8, 2923.8, 2904.9, 2926.8, 2885.9, 2899.3, 2943.9, 2893.7, 2910.2, 2946.9, 2923.2, 2903.1,-000404.4
10:57:41,7,CC Discharge,0,0,0,0.4125,2912.4, 2924.5, 2905.5, 2927.5, 2886.4, 2900.0, 2944.5, 2894.2, 2910.7, 2947.5, 2923.8, 2903.6,-000404.4
10:57:42,8,CC Discharge,0,0,0,0.4125,2912.6, 2924.7, 2905.7, 2927.9, 2886.8, 2900.4, 2944.8, 2894.4, 2910.9, 2947.8, 2924.2, 2904.1,-000400.4
10:57:43,9,CC Discharge,0,0,0,0.4125,2913.0, 2925.1, 2906.1, 2928.3, 2887.1, 2900.8, 2945.4, 2894.8, 2911.3, 2948.2, 2924.5, 2904.6,-000408.4
10:57:44,10,CC Discharge,0,0,0,0.4125,2913.3, 2925.4, 2906.2, 2928.6, 2887.3, 2901.0, 2945.6, 2894.9, 2911.5, 2948.5, 2924.9, 2904.9,-000404.4
10:57:45,11,CC Discharge,0,0,0,0.4125,2913.3, 2925.6, 2906.4, 2928.8, 2887.5, 2901.2, 2945.8, 2894.9, 2911.6, 2948.7, 2925.1, 2905.1,-000408.4
10:57:46,12,CC Discharge,0,0,0,0.4125,2913.4, 2925.7, 2906.5, 2929.0, 2887.7, 2901.3, 2945.9, 2895.0, 2911.6, 2948.8, 2925.3, 2905.3,-000408.4
10:57:47,13,CC Discharge,0,0,0,0.4125,2913.6, 2925.9, 2906.7, 2929.2, 2887.8, 2901.5, 2946.2, 2895.1, 2911.8, 2949.0, 2925.5, 2905.4,-000412.4
10:57:48,14,CC Discharge,0,0,0,0.4125,2913.6, 2926.0, 2906.7, 2929.4, 2888.0, 2901.6, 2946.3, 2895.2, 2911.9, 2949.2, 2925.7, 2905.7,-000416.4
10:57:49,15,CC Discharge,0,0,0,0.4125,2913.7, 2926.0, 2906.8, 2929.5, 2888.0, 2901.7, 2946.4, 2895.2, 2911.9, 2949.2, 2925.7, 2905.7,-000412.4
10:57:50,16,CC Discharge,0,0,0,0.4125,2913.5, 2925.8, 2906.6, 2929.4, 2887.9, 2901.6, 2946.3, 2895.1, 2911.8, 2949.2, 2925.7, 2905.7,-000408.4
10:57:51,17,CC Discharge,0,0,0,0.4125,2913.6, 2925.9, 2906.7, 2929.5, 2887.9, 2901.6, 2946.5, 2895.1, 2911.8, 2949.3, 2925.7, 2905.8,-000408.4
10:57:52,18,CC Discharge,0,0,0,0.4125,2913.7, 2926.0, 2906.8, 2929.6, 2888.0, 2901.8, 2946.5, 2895.1, 2911.9, 2949.2, 2925.9, 2905.9,-000408.4
10:57:53,19,CC Discharge,0,0,0,0.4125,2913.4, 2925.8, 2906.4, 2929.4, 2887.7, 2901.5, 2946.4, 2894.9, 2911.6, 2949.1, 2925.7, 2905.8,-000408.4
10:57:54,20,CC Discharge,0,0,0,0.4125,2913.3, 2925.9, 2906.5, 2929.5, 2887.8, 2901.6, 2946.3, 2894.7, 2911.5, 2949.2, 2925.8, 2905.8,-000404.4
10:57:55,21,CC Discharge,0,0,0,0.4125,2913.3, 2925.8, 2906.4, 2929.5, 2887.7, 2901.6, 2946.4, 2894.8, 2911.5, 2949.2, 2925.8, 2905.8,-000408.4
10:57:56,22,CC Discharge,0,0,0,0.4125,2913.2, 2925.6, 2906.4, 2929.4, 2887.8, 2901.6, 2946.3, 2894.7, 2911.4, 2949.2, 2925.8, 2905.9,-000408.4
10:57:57,23,CC Discharge,0,0,0,0.4125,2913.2, 2925.6, 2906.4, 2929.3, 2887.7, 2901.4, 2946.4, 2894.6, 2911.3, 2949.1, 2925.7, 2905.7,-000416.4
10:57:58,24,CC Discharge,0,0,0,0.4125,2912.8, 2925.4, 2906.2, 2929.3, 2887.4, 2901.4, 2946.2, 2894.4, 2911.1, 2949.1, 2925.7, 2905.8,-000404.4
10:57:59,25,CC Discharge,0,0,0,0.4125,2912.8, 2925.3, 2906.1, 2929.2, 2887.3, 2901.3, 2946.1, 2894.2, 2911.0, 2948.9, 2925.6, 2905.6,-000408.4
10:58:00,26,CC Discharge,0,0,0,0.4125,2912.6, 2925.3, 2905.9, 2929.0, 2887.1, 2901.1, 2946.0, 2894.0, 2910.8, 2948.8, 2925.5, 2905.5,-000412.4
10:58:01,27,CC Discharge,0,0,0,0.4125,2912.7, 2925.3, 2906.0, 2929.2, 2887.2, 2901.3, 2946.2, 2894.0, 2910.9, 2948.9, 2925.6, 2905.7,-000404.4
10:58:02,28,CC Discharge,0,0,0,0.4125,2912.3, 2924.9, 2905.6, 2928.8, 2886.9, 2900.9, 2945.7, 2893.5, 2910.4, 2948.5, 2925.3, 2905.4,-000404.4
10:58:03,29,CC Discharge,0,0,0,0.4125,2912.2, 2924.9, 2905.6, 2928.7, 2886.7, 2900.9, 2945.7, 2893.5, 2910.4, 2948.5, 2925.2, 2905.3,-000404.4
10:58:04,30,CC Discharge,0,0,0,0.4125,2941.1, 2881.9, 2962.6, 2906.5, 2886.4, 2900.6, 2913.9, 2930.0, 2937.3, 2926.5, 2925.0, 2905.0,-000404.4
10:58:05,31,CC Discharge,0,0,0,0.4125,2942.3, 2881.9, 2963.6, 2906.6, 2886.5, 2900.7, 2914.1, 2931.1, 2938.4, 2926.6, 2925.0, 2905.2,-000416.4
10:58:06,32,CC Discharge,0,0,0,0.4125,2913.7, 2924.3, 2906.8, 2928.4, 2886.3, 2900.4, 2913.7, 2972.6, 2871.1, 2947.7, 2924.9, 2905.0,-000412.4
10:58:07,33,CC Discharge,0,0,0,0.4125,2912.6, 2924.0, 2906.0, 2928.1, 2885.9, 2900.1, 2913.5, 2972.7, 2870.1, 2947.5, 2924.6, 2904.7,-000412.4
10:58:08,34,CC Discharge,0,0,0,0.4125,2912.3, 2924.0, 2905.7, 2928.1, 2885.9, 2900.1, 2913.6, 2972.9, 2869.9, 2947.5, 2924.6, 2904.7,-000412.4
10:58:09,35,CC Discharge,0,0,0,0.4125,2911.9, 2923.7, 2905.3, 2928.0, 2885.6, 2899.9, 2913.5, 2973.0, 2869.5, 2947.3, 2924.3, 2904.4,-000412.4
10:58:10,36,CC Discharge,0,0,0,0.4125,2911.4, 2923.3, 2904.9, 2927.6, 2885.3, 2899.5, 2913.1, 2972.9, 2869.0, 2947.0, 2924.0, 2904.2,-000412.4
10:58:11,37,CC Discharge,0,0,0,0.4125,2911.2, 2923.2, 2904.7, 2927.4, 2885.2, 2899.4, 2913.0, 2973.0, 2868.8, 2946.9, 2923.9, 2904.1,-000408.4
10:58:12,38,CC Discharge,0,0,0,0.4125,2910.9, 2923.0, 2904.4, 2927.2, 2884.9, 2899.3, 2912.8, 2973.1, 2868.6, 2946.7, 2923.9, 2904.1,-000404.4
10:58:13,39,CC Discharge,0,0,0,0.4125,2910.6, 2922.8, 2904.2, 2927.1, 2884.6, 2899.0, 2912.7, 2973.0, 2868.3, 2946.4, 2923.6, 2903.8,-000404.4
10:58:14,40,CC Discharge,0,0,0,0.4125,2910.3, 2922.5, 2903.9, 2927.0, 2884.5, 2898.9, 2912.5, 2972.9, 2868.0, 2946.4, 2923.5, 2903.7,-000400.4
10:58:15,41,CC Discharge,0,0,0,0.4125,2910.0, 2922.3, 2903.7, 2926.7, 2884.1, 2898.6, 2912.3, 2972.8, 2867.7, 2946.1, 2923.2, 2903.4,-000404.4
10:58:16,42,CC Discharge,0,0,0,0.4125,2909.8, 2922.1, 2903.6, 2926.6, 2884.0, 2898.6, 2912.1, 2972.8, 2867.6, 2946.1, 2923.2, 2903.4,-000404.4
10:58:17,43,CC Discharge,0,0,0,0.4125,2909.5, 2921.8, 2903.2, 2926.3, 2883.6, 2898.2, 2911.9, 2972.7, 2867.2, 2945.8, 2922.9, 2903.0,-000416.4
10:58:18,44,CC Discharge,0,0,0,0.4125,2909.4, 2921.6, 2903.0, 2926.1, 2883.5, 2898.1, 2911.6, 2972.8, 2867.0, 2945.5, 2922.7, 2902.8,-000404.4
10:58:19,45,CC Discharge,0,0,0,0.4125,2909.0, 2921.2, 2902.7, 2925.9, 2883.1, 2897.7, 2911.5, 2972.5, 2866.6, 2945.3, 2922.3, 2902.6,-000408.4
10:58:20,46,CC Discharge,0,0,0,0.4125,2908.7, 2921.0, 2902.5, 2925.7, 2883.0, 2897.6, 2911.3, 2972.4, 2866.5, 2945.2, 2922.3, 2902.5,-000404.4
10:58:21,47,CC Discharge,0,0,0,0.4125,2908.5, 2920.8, 2902.3, 2925.4, 2882.7, 2897.4, 2911.1, 2972.3, 2866.3, 2944.9, 2922.1, 2902.4,-000404.4
10:58:22,48,CC Discharge,0,0,0,0.4125,2908.2, 2920.3, 2902.0, 2925.1, 2882.3, 2897.0, 2910.9, 2972.2, 2865.8, 2944.6, 2921.8, 2902.0,-000408.4
10:58:23,49,CC Discharge,0,0,0,0.4125,2907.9, 2920.2, 2901.8, 2925.0, 2882.1, 2896.9, 2910.6, 2972.0, 2865.6, 2944.5, 2921.6, 2901.9,-000412.4
10:58:24,50,CC Discharge,0,0,0,0.4125,2907.6, 2919.8, 2901.5, 2924.7, 2881.7, 2896.6, 2910.3, 2971.8, 2865.3, 2944.2, 2921.4, 2901.5,-000408.4
10:58:25,51,CC Discharge,0,0,0,0.4125,2907.4, 2919.7, 2901.4, 2924.6, 2881.7, 2896.5, 2910.4, 2971.7, 2865.2, 2944.1, 2921.3, 2901.6,-000404.4
10:58:26,52,CC Discharge,0,0,0,0.4125,2907.3, 2919.4, 2901.0, 2924.3, 2881.3, 2896.2, 2910.2, 2971.6, 2864.9, 2943.7, 2921.0, 2901.3,-000408.4
10:58:27,53,CC Discharge,0,0,0,0.4125,2906.8, 2919.0, 2900.7, 2924.0, 2881.0, 2895.8, 2909.6, 2971.3, 2864.4, 2943.5, 2920.7, 2900.9,-000412.4
10:58:28,54,CC Discharge,0,0,0,0.4125,2906.5, 2918.8, 2900.5, 2923.7, 2880.6, 2895.6, 2909.4, 2971.2, 2864.2, 2943.2, 2920.4, 2900.7,-000404.4
10:58:29,55,CC Discharge,0,0,0,0.4125,2906.2, 2918.5, 2900.2, 2923.5, 2880.4, 2895.4, 2909.1, 2970.9, 2863.9, 2943.0, 2920.3, 2900.5,-000408.4
10:58:30,56,CC Discharge,0,0,0,0.4125,2906.1, 2918.4, 2900.3, 2923.4, 2880.3, 2895.2, 2909.1, 2970.9, 2863.8, 2942.9, 2920.1, 2900.4,-000408.4
10:58:31,57,CC Discharge,0,0,0,0.4125,2905.6, 2917.8, 2899.7, 2923.0, 2879.7, 2894.7, 2908.8, 2970.6, 2863.3, 2942.5, 2919.8, 2899.9,-000408.4
10:58:32,58,CC Discharge,0,0,0,0.4125,2905.4, 2917.7, 2899.5, 2922.7, 2879.5, 2894.5, 2908.6, 2970.5, 2863.1, 2942.3, 2919.5, 2899.8,-000412.4
10:58:33,59,CC Discharge,0,0,0,0.4125,2905.0, 2917.2, 2899.2, 2922.4, 2879.2, 2894.3, 2908.2, 2970.2, 2862.8, 2942.0, 2919.3, 2899.5,-000404.4
10:58:34,60,CC Discharge,0,0,0,0.4125,2933.8, 2874.3, 2956.0, 2900.0, 2878.6, 2893.8, 2907.9, 2929.0, 2929.9, 2920.3, 2918.9, 2899.0,-000412.4
10:58:35,61,CC Discharge,0,0,0,0.4125,2934.9, 2874.3, 2957.0, 2900.0, 2878.6, 2893.8, 2907.9, 2929.0, 2931.0, 2920.3, 2918.8, 2899.1,-000412.4
10:58:36,62,CC Discharge,0,0,0,0.4125,2906.1, 2916.3, 2900.2, 2921.7, 2878.1, 2893.4, 2939.1, 2891.8, 2904.3, 2941.6, 2918.5, 2898.7,-000408.4
10:58:37,63,CC Discharge,0,0,0,0.4125,2905.0, 2915.9, 2899.1, 2921.3, 2877.7, 2893.0, 2938.7, 2890.4, 2903.2, 2941.2, 2918.1, 2898.3,-000412.4
10:58:38,64,CC Discharge,0,0,0,0.4125,2904.5, 2915.8, 2898.7, 2921.2, 2877.6, 2893.0, 2938.6, 2889.6, 2902.7, 2941.1, 2918.0, 2898.1,-000408.4
10:58:39,65,CC Discharge,0,0,0,0.4125,2904.2, 2915.5, 2898.5, 2920.8, 2877.2, 2892.7, 2938.3, 2889.0, 2902.3, 2940.8, 2917.8, 2898.0,-000412.4
10:58:40,66,CC Discharge,0,0,0,0.4125,2903.7, 2915.0, 2897.9, 2920.6, 2876.9, 2892.2, 2938.0, 2888.3, 2901.7, 2940.5, 2917.5, 2897.6,-000412.4
10:58:41,67,CC Discharge,0,0,0,0.4125,2903.4, 2915.0, 2897.7, 2920.5, 2876.7, 2892.2, 2938.0, 2887.9, 2901.6, 2940.5, 2917.4, 2897.6,-000404.4
10:58:42,68,CC Discharge,0,0,0,0.4125,2902.8, 2914.5, 2897.2, 2920.0, 2876.3, 2891.6, 2937.5, 2887.2, 2900.9, 2940.0, 2916.9, 2897.2,-000404.4
10:58:43,69,CC Discharge,0,0,0,0.4125,2902.6, 2914.2, 2897.0, 2919.7, 2875.9, 2891.4, 2937.2, 2886.7, 2900.6, 2939.7, 2916.7, 2896.9,-000408.4
10:58:44,70,CC Discharge,0,0,0,0.4125,2902.2, 2913.9, 2896.7, 2919.4, 2875.6, 2891.1, 2936.9, 2886.3, 2900.3, 2939.5, 2916.4, 2896.6,-000408.4
10:58:45,71,CC Discharge,0,0,0,0.4125,2901.8, 2913.4, 2896.3, 2919.2, 2875.3, 2890.9, 2936.6, 2885.8, 2899.9, 2939.1, 2916.1, 2896.4,-000408.4
10:58:46,72,CC Discharge,0,0,0,0.4125,2901.7, 2913.3, 2896.2, 2919.0, 2875.1, 2890.7, 2936.6, 2885.4, 2899.8, 2939.1, 2916.1, 2896.2,-000408.4
10:58:47,73,CC Discharge,0,0,0,0.4125,2901.1, 2912.8, 2895.7, 2918.6, 2874.7, 2890.2, 2936.1, 2884.9, 2899.3, 2938.7, 2915.7, 2895.9,-000408.4
10:58:48,74,CC Discharge,0,0,0,0.4125,2900.8, 2912.5, 2895.5, 2918.3, 2874.3, 2890.0, 2935.9, 2884.5, 2898.9, 2938.3, 2915.4, 2895.5,-000412.4
10:58:49,75,CC Discharge,0,0,0,0.4125,2900.5, 2912.1, 2895.1, 2917.9, 2873.9, 2889.5, 2935.5, 2884.0, 2898.5, 2938.0, 2915.0, 2895.2,-000404.4
10:58:50,76,CC Discharge,0,0,0,0.4125,2900.3, 2911.9, 2894.9, 2917.7, 2873.6, 2889.4, 2935.4, 2883.7, 2898.4, 2937.9, 2914.9, 2895.1,-000416.4
10:58:51,77,CC Discharge,0,0,0,0.4125,2899.8, 2911.5, 2894.6, 2917.5, 2873.4, 2889.1, 2935.0, 2883.3, 2897.9, 2937.5, 2914.5, 2894.8,-000404.4
10:58:52,78,CC Discharge,0,0,0,0.4125,2899.6, 2911.2, 2894.3, 2917.2, 2873.0, 2888.8, 2934.7, 2882.8, 2897.6, 2937.3, 2914.3, 2894.5,-000408.4
10:58:53,79,CC Discharge,0,0,0,0.4125,2899.3, 2910.7, 2893.9, 2916.8, 2872.5, 2888.4, 2934.5, 2882.3, 2897.2, 2936.9, 2913.9, 2894.1,-000408.4
10:58:54,80,CC Discharge,0,0,0,0.4125,2899.1, 2910.7, 2893.9, 2916.8, 2872.4, 2888.4, 2934.3, 2882.2, 2896.9, 2936.8, 2913.9, 2894.3,-000408.4
10:58:55,81,CC Discharge,0,0,0,0.4125,2898.6, 2910.2, 2893.4, 2916.3, 2871.9, 2887.8, 2933.9, 2881.6, 2896.6, 2936.5, 2913.5, 2893.6,-000404.4
10:58:56,82,CC Discharge,0,0,0,0.4125,2898.2, 2909.8, 2893.1, 2916.1, 2871.6, 2887.6, 2933.6, 2881.3, 2896.2, 2936.2, 2913.2, 2893.5,-000408.4
10:58:57,83,CC Discharge,0,0,0,0.4125,2897.8, 2909.3, 2892.6, 2915.5, 2871.0, 2887.0, 2933.1, 2880.6, 2895.7, 2935.7, 2912.6, 2892.8,-000396.4
10:58:58,84,CC Discharge,0,0,0,0.4125,2897.5, 2909.0, 2892.4, 2915.3, 2870.9, 2886.8, 2932.9, 2880.3, 2895.5, 2935.4, 2912.4, 2892.7,-000404.4
10:58:59,85,CC Discharge,0,0,0,0.4125,2897.3, 2908.8, 2892.2, 2915.1, 2870.6, 2886.7, 2932.8, 2880.1, 2895.2, 2935.3, 2912.2, 2892.6,-000404.4
10:59:00,86,CC Discharge,0,0,0,0.4125,2897.0, 2908.5, 2891.9, 2914.8, 2870.2, 2886.3, 2932.5, 2879.8, 2894.9, 2935.1, 2912.0, 2892.3,-000404.4
10:59:01,87,CC Discharge,0,0,0,0.4125,2896.6, 2908.0, 2891.4, 2914.4, 2869.6, 2885.8, 2932.1, 2879.2, 2894.5, 2934.5, 2911.5, 2891.7,-000408.4
10:59:02,88,CC Discharge,0,0,0,0.4125,2896.2, 2907.7, 2891.2, 2914.1, 2869.4, 2885.5, 2931.7, 2878.9, 2894.2, 2934.2, 2911.3, 2891.6,-000404.4
10:59:03,89,CC Discharge,0,0,0,0.4125,2896.0, 2907.6, 2891.1, 2913.9, 2869.2, 2885.4, 2931.7, 2878.8, 2893.9, 2934.2, 2911.2, 2891.4,-000400.4
10:59:04,90,CC Discharge,0,0,0,0.4125,2924.6, 2864.7, 2947.7, 2891.6, 2868.8, 2885.1, 2899.9, 2914.8, 2920.6, 2912.2, 2910.8, 2891.1,-000404.4
10:59:05,91,CC Discharge,0,0,0,0.4125,2925.6, 2864.4, 2948.4, 2891.3, 2868.3, 2884.6, 2899.6, 2915.6, 2921.4, 2911.9, 2910.5, 2890.7,-000408.4
10:59:06,92,CC Discharge,0,0,0,0.4125,2896.9, 2906.3, 2891.9, 2912.8, 2868.0, 2884.4, 2930.6, 2879.3, 2894.8, 2933.0, 2910.3, 2890.5,-000408.4
10:59:07,93,CC Discharge,0,0,0,0.4125,2895.7, 2905.8, 2890.9, 2912.5, 2867.6, 2884.0, 2930.3, 2878.2, 2893.6, 2932.8, 2909.8, 2890.1,-000404.4
10:59:08,94,CC Discharge,0,0,0,0.4125,2895.3, 2905.7, 2890.5, 2912.4, 2867.4, 2883.9, 2930.2, 2877.7, 2893.2, 2932.6, 2909.7, 2890.1,-000408.4
10:59:09,95,CC Discharge,0,0,0,0.4125,2894.7, 2905.3, 2889.9, 2911.9, 2867.0, 2883.4, 2929.8, 2877.1, 2892.5, 2932.2, 2909.3, 2889.6,-000408.4
10:59:10,96,CC Discharge,0,0,0,0.4125,2894.1, 2904.8, 2889.5, 2911.5, 2866.5, 2883.0, 2929.3, 2876.7, 2892.0, 2931.9, 2909.0, 2889.3,-000412.4
10:59:11,97,CC Discharge,0,0,0,0.4125,2893.8, 2904.5, 2889.0, 2911.3, 2866.2, 2882.7, 2929.1, 2876.1, 2891.8, 2931.6, 2908.7, 2888.9,-000404.4
10:59:12,98,CC Discharge,0,0,0,0.4125,2893.3, 2904.0, 2888.6, 2910.9, 2865.7, 2882.3, 2928.7, 2875.6, 2891.2, 2931.2, 2908.4, 2888.6,-000408.4
10:59:13,99,CC Discharge,0,0,0,0.4125,2893.1, 2903.8, 2888.4, 2910.7, 2865.5, 2882.1, 2928.5, 2875.3, 2891.0, 2931.1, 2908.1, 2888.4,-000404.4
10:59:14,100,CC Discharge,0,0,0,0.4125,2892.6, 2903.4, 2887.9, 2910.3, 2865.0, 2881.7, 2928.1, 2874.7, 2890.4, 2930.6, 2907.8, 2888.0,-000404.4
10:59:15,101,CC Discharge,0,0,0,0.4125,2892.2, 2903.1, 2887.6, 2910.1, 2864.8, 2881.6, 2927.9, 2874.5, 2890.1, 2930.4, 2907.6, 2887.8,-000408.4
10:59:16,102,CC Discharge,0,0,0,0.4125,2892.1, 2902.9, 2887.5, 2909.9, 2864.5, 2881.3, 2927.8, 2874.3, 2889.9, 2930.3, 2907.4, 2887.7,-000404.4
10:59:17,103,CC Discharge,0,0,0,0.4125,2891.5, 2902.4, 2887.0, 2909.5, 2864.1, 2880.9, 2927.3, 2873.7, 2889.5, 2929.8, 2907.0, 2887.2,-000412.4
10:59:18,104,CC Discharge,0,0,0,0.4125,2891.1, 2901.8, 2886.7, 2909.0, 2863.5, 2880.4, 2927.0, 2873.2, 2889.0, 2929.3, 2906.5, 2886.8,-000408.4
10:59:19,105,CC Discharge,0,0,0,0.4125,2890.9, 2901.6, 2886.5, 2908.8, 2863.5, 2880.2, 2926.7, 2873.0, 2888.7, 2929.3, 2906.5, 2886.7,-000408.4
10:59:20,106,CC Discharge,0,0,0,0.4125,2890.4, 2901.3, 2886.1, 2908.5, 2863.0, 2879.9, 2926.4, 2872.6, 2888.4, 2928.9, 2906.2, 2886.2,-000404.4
10:59:21,107,CC Discharge,0,0,0,0.4125,2890.2, 2900.9, 2885.8, 2908.2, 2862.6, 2879.6, 2926.1, 2872.1, 2887.9, 2928.6, 2905.8, 2886.1,-000412.4
10:59:22,108,CC Discharge,0,0,0,0.4125,2889.9, 2900.5, 2885.5, 2907.8, 2862.2, 2879.2, 2925.9, 2871.7, 2887.7, 2928.3, 2905.5, 2885.6,-000416.4
10:59:23,109,CC Discharge,0,0,0,0.4125,2889.3, 2899.9, 2884.9, 2907.2, 2861.6, 2878.5, 2925.2, 2871.0, 2887.0, 2927.7, 2904.9, 2885.0,-000404.4
10:59:24,110,CC Discharge,0,0,0,0.4125,2889.2, 2899.9, 2884.9, 2907.3, 2861.6, 2878.6, 2925.3, 2871.2, 2887.0, 2927.8, 2905.0, 2885.1,-000404.4
10:59:25,111,CC Discharge,0,0,0,0.4125,2888.7, 2899.4, 2884.6, 2906.9, 2861.2, 2878.2, 2924.9, 2870.7, 2886.6, 2927.4, 2904.7, 2884.8,-000412.4
10:59:26,112,CC Discharge,0,0,0,0.4125,2888.1, 2898.8, 2883.9, 2906.3, 2860.4, 2877.6, 2924.4, 2869.9, 2885.9, 2926.8, 2904.0, 2884.2,-000408.4
10:59:27,113,CC Discharge,0,0,0,0.4125,2887.8, 2898.4, 2883.7, 2906.0, 2860.2, 2877.4, 2924.0, 2869.7, 2885.6, 2926.7, 2903.8, 2883.9,-000404.4
10:59:28,114,CC Discharge,0,0,0,0.4125,2887.4, 2898.1, 2883.4, 2905.7, 2859.8, 2877.0, 2923.8, 2869.3, 2885.3, 2926.2, 2903.5, 2883.6,-000404.4
10:59:29,115,CC Discharge,0,0,0,0.4125,2887.3, 2897.9, 2883.2, 2905.6, 2859.6, 2876.9, 2923.6, 2869.1, 2885.1, 2926.1, 2903.4, 2883.6,-000408.4
10:59:30,116,CC Discharge,0,0,0,0.4125,2886.9, 2897.3, 2882.7, 2905.0, 2859.0, 2876.2, 2923.2, 2868.5, 2884.5, 2925.6, 2902.8, 2882.9,-000412.4
10:59:31,117,CC Discharge,0,0,0,0.4125,2886.4, 2897.0, 2882.5, 2904.8, 2858.8, 2876.1, 2922.8, 2868.2, 2884.2, 2925.3, 2902.7, 2882.8,-000408.4
10:59:32,118,CC Discharge,0,0,0,0.4125,2886.0, 2896.6, 2882.1, 2904.4, 2858.2, 2875.6, 2922.5, 2867.7, 2883.8, 2924.9, 2902.2, 2882.4,-000404.4
10:59:33,119,CC Discharge,0,0,0,0.4125,2885.7, 2896.2, 2881.8, 2904.0, 2858.0, 2875.4, 2922.1, 2867.4, 2883.5, 2924.7, 2902.0, 2882.1,-000404.4
10:59:34,120,CC Discharge,0,0,0,0.4125,2914.4, 2853.7, 2938.4, 2881.9, 2857.6, 2875.0, 2890.7, 2903.6, 2910.2, 2902.9, 2901.8, 2881.9,-000404.4
10:59:35,121,CC Discharge,0,0,0,0.4125,2915.1, 2853.2, 2939.0, 2881.6, 2857.1, 2874.7, 2890.3, 2904.3, 2910.9, 2902.5, 2901.4, 2881.4,-000412.4
10:59:36,122,CC Discharge,0,0,0,0.4125,2886.7, 2895.1, 2882.7, 2903.1, 2856.7, 2874.3, 2921.3, 2868.4, 2884.5, 2923.8, 2901.1, 2881.2,-000404.4
10:59:37,123,CC Discharge,0,0,0,0.4125,2885.5, 2894.7, 2881.7, 2902.8, 2856.3, 2873.9, 2921.0, 2867.1, 2883.2, 2923.4, 2900.7, 2880.8,-000408.4
10:59:38,124,CC Discharge,0,0,0,0.4125,2884.9, 2894.3, 2881.1, 2902.4, 2856.0, 2873.7, 2920.6, 2866.5, 2882.7, 2923.1, 2900.5, 2880.6,-000408.4
10:59:39,125,CC Discharge,0,0,0,0.4125,2884.4, 2894.0, 2880.7, 2902.1, 2855.7, 2873.4, 2920.4, 2866.1, 2882.2, 2922.9, 2900.2, 2880.3,-000404.4
10:59:40,126,CC Discharge,0,0,0,0.4125,2884.0, 2893.5, 2880.2, 2901.7, 2855.2, 2873.0, 2919.9, 2865.5, 2881.6, 2922.5, 2899.8, 2879.9,-000404.4
10:59:41,127,CC Discharge,0,0,0,0.4125,2883.6, 2893.3, 2879.9, 2901.5, 2854.9, 2872.6, 2919.7, 2865.1, 2881.2, 2922.2, 2899.6, 2879.6,-000408.4
10:59:42,128,CC Discharge,0,0,0,0.4125,2883.0, 2892.8, 2879.4, 2901.0, 2854.4, 2872.2, 2919.2, 2864.5, 2880.8, 2921.7, 2899.1, 2879.2,-000404.4
10:59:43,129,CC Discharge,0,0,0,0.4125,2882.7, 2892.5, 2879.1, 2900.9, 2854.2, 2872.1, 2919.0, 2864.2, 2880.3, 2921.6, 2898.9, 2879.0,-000404.4
10:59:44,130,CC Discharge,0,0,0,0.4125,2882.3, 2892.1, 2878.7, 2900.5, 2853.7, 2871.6, 2918.9, 2863.8, 2880.0, 2921.2, 2898.5, 2878.6,-000408.4
10:59:45,131,CC Discharge,0,0,0,0.4125,2881.9, 2891.7, 2878.4, 2900.1, 2853.3, 2871.3, 2918.4, 2863.4, 2879.6, 2920.9, 2898.3, 2878.5,-000408.4
10:59:46,132,CC Discharge,0,0,0,0.4125,2881.5, 2891.3, 2878.0, 2899.7, 2852.9, 2870.9, 2918.1, 2862.9, 2879.1, 2920.5, 2897.9, 2878.0,-000412.4
10:59:47,133,CC Discharge,0,0,0,0.4125,2881.0, 2890.7, 2877.5, 2899.3, 2852.4, 2870.5, 2917.6, 2862.4, 2878.8, 2920.1, 2897.5, 2877.6,-000400.4
10:59:48,134,CC Discharge,0,0,0,0.4125,2880.7, 2890.5, 2877.2, 2899.0, 2852.2, 2870.2, 2917.5, 2862.1, 2878.4, 2919.9, 2897.3, 2877.4,-000408.4
10:59:51,137,CC Discharge,0,0,0,0.4125,2879.5, 2889.2, 2876.2, 2897.9, 2850.8, 2869.0, 2916.4, 2860.9, 2877.2, 2918.8, 2896.3, 2876.4,-000412.4
10:59:52,138,CC Discharge,0,0,0,0.4125,2879.1, 2888.7, 2875.8, 2897.5, 2850.4, 2868.6, 2915.9, 2860.3, 2876.7, 2918.4, 2895.9, 2875.9,-000408.4
10:59:53,139,CC Discharge,0,0,0,0.4125,2878.9, 2888.6, 2875.6, 2897.4, 2850.1, 2868.5, 2915.9, 2860.1, 2876.5, 2918.3, 2895.7, 2875.7,-000412.4
10:59:54,140,CC Discharge,0,0,0,0.4125,2878.3, 2887.9, 2875.1, 2896.9, 2849.6, 2868.0, 2915.2, 2859.7, 2875.9, 2917.7, 2895.2, 2875.2,-000408.4
10:59:57,2,CC Discharge,0,0,0,0.20625,2893.4, 2905.7, 2889.1, 2914.3, 2866.4, 2886.3, 2933.8, 2874.9, 2891.9, 2933.4, 2911.5, 2895.3,-000196.4
10:59:58,3,CC Discharge,0,0,0,0.20625,2894.2, 2906.7, 2890.0, 2915.4, 2867.4, 2887.4, 2934.6, 2875.7, 2892.8, 2934.4, 2912.7, 2896.4,-000196.4
10:59:59,4,CC Discharge,0,0,0,0.20625,2894.9, 2907.5, 2890.6, 2916.3, 2868.1, 2888.2, 2935.4, 2876.4, 2893.5, 2935.2, 2913.5, 2897.3,-000200.4
11:00:00,5,CC Discharge,0,0,0,0.20625,2895.3, 2907.9, 2891.1, 2916.7, 2868.6, 2888.5, 2935.9, 2876.6, 2893.9, 2935.6, 2913.9, 2897.7,-000196.4
11:00:01,6,CC Discharge,0,0,0,0.20625,2895.7, 2908.4, 2891.4, 2917.3, 2869.2, 2889.1, 2936.5, 2877.1, 2894.3, 2936.1, 2914.5, 2898.3,-000192.4
11:00:02,7,CC Discharge,0,0,0,0.20625,2896.0, 2908.8, 2891.9, 2917.8, 2869.6, 2889.7, 2937.0, 2877.4, 2894.7, 2936.6, 2914.9, 2898.9,-000200.4
11:00:03,8,CC Discharge,0,0,0,0.20625,2896.4, 2909.2, 2892.2, 2918.2, 2870.0, 2889.9, 2937.3, 2877.7, 2895.0, 2937.1, 2915.4, 2899.3,-000204.4
11:00:04,9,CC Discharge,0,0,0,0.20625,2896.6, 2909.6, 2892.4, 2918.6, 2870.3, 2890.4, 2937.7, 2877.9, 2895.2, 2937.2, 2915.7, 2899.7,-000200.4
11:00:05,10,CC Discharge,0,0,0,0.20625,2896.7, 2909.5, 2892.4, 2918.7, 2870.3, 2890.3, 2937.7, 2878.0, 2895.2, 2937.3, 2915.9, 2899.8,-000192.4
11:00:06,11,CC Discharge,0,0,0,0.20625,2896.8, 2909.9, 2892.5, 2918.8, 2870.6, 2890.5, 2937.9, 2878.0, 2895.2, 2937.6, 2916.1, 2900.0,-000200.4
11:00:07,12,CC Discharge,0,0,0,0.20625,2896.9, 2910.0, 2892.7, 2919.0, 2870.8, 2890.7, 2938.1, 2878.2, 2895.4, 2937.7, 2916.2, 2900.2,-000196.4
11:00:08,13,CC Discharge,0,0,0,0.20625,2897.0, 2910.2, 2892.7, 2919.3, 2871.0, 2890.9, 2938.3, 2878.2, 2895.4, 2937.9, 2916.5, 2900.5,-000200.4
11:00:09,14,CC Discharge,0,0,0,0.20625,2897.0, 2910.1, 2892.9, 2919.4, 2871.1, 2891.1, 2938.4, 2878.2, 2895.6, 2938.1, 2916.7, 2900.6,-000200.4
11:00:10,15,CC Discharge,0,0,0,0.20625,2897.3, 2910.5, 2893.1, 2919.8, 2871.3, 2891.3, 2938.7, 2878.4, 2895.7, 2938.3, 2916.9, 2900.9,-000200.4
11:00:11,16,CC Discharge,0,0,0,0.20625,2897.3, 2910.6, 2893.1, 2919.8, 2871.3, 2891.4, 2938.8, 2878.5, 2895.8, 2938.4, 2916.9, 2901.0,-000196.4
11:00:12,17,CC Discharge,0,0,0,0.20625,2897.2, 2910.6, 2893.1, 2920.0, 2871.4, 2891.5, 2938.8, 2878.5, 2895.8, 2938.6, 2917.1, 2901.2,-000196.4
11:00:13,18,CC Discharge,0,0,0,0.20625,2897.3, 2910.7, 2893.1, 2920.0, 2871.5, 2891.6, 2939.0, 2878.5, 2895.7, 2938.6, 2917.3, 2901.3,-000196.4
11:00:14,19,CC Discharge,0,0,0,0.20625,2897.3, 2910.7, 2893.1, 2920.1, 2871.5, 2891.7, 2939.1, 2878.4, 2895.8, 2938.7, 2917.4, 2901.4,-000200.4
11:00:15,20,CC Discharge,0,0,0,0.20625,2897.2, 2910.5, 2893.0, 2920.0, 2871.4, 2891.5, 2939.1, 2878.3, 2895.7, 2938.6, 2917.3, 2901.3,-000204.4
11:00:16,21,CC Discharge,0,0,0,0.20625,2897.1, 2910.6, 2892.9, 2920.0, 2871.4, 2891.5, 2939.0, 2878.2, 2895.5, 2938.6, 2917.3, 2901.4,-000200.4
11:00:17,22,CC Discharge,0,0,0,0.20625,2897.1, 2910.7, 2892.9, 2920.1, 2871.3, 2891.6, 2939.1, 2878.2, 2895.6, 2938.7, 2917.2, 2901.4,-000192.4
11:00:18,23,CC Discharge,0,0,0,0.20625,2897.0, 2910.6, 2892.9, 2920.1, 2871.4, 2891.6, 2939.1, 2878.0, 2895.5, 2938.7, 2917.4, 2901.4,-000204.4
11:00:19,24,CC Discharge,0,0,0,0.20625,2897.1, 2910.7, 2892.8, 2920.1, 2871.5, 2891.7, 2939.1, 2878.1, 2895.5, 2938.8, 2917.5, 2901.5,-000196.4
11:00:20,25,CC Discharge,0,0,0,0.20625,2897.0, 2910.6, 2892.8, 2920.2, 2871.5, 2891.7, 2939.2, 2878.0, 2895.4, 2938.8, 2917.4, 2901.6,-000192.4
11:00:21,26,CC Discharge,0,0,0,0.20625,2896.9, 2910.7, 2892.8, 2920.2, 2871.4, 2891.6, 2939.2, 2877.9, 2895.3, 2938.8, 2917.4, 2901.6,-000200.4
11:00:22,27,CC Discharge,0,0,0,0.20625,2896.8, 2910.6, 2892.7, 2920.2, 2871.3, 2891.6, 2939.2, 2877.8, 2895.3, 2938.8, 2917.5, 2901.6,-000200.4
11:00:23,28,CC Discharge,0,0,0,0.20625,2896.7, 2910.6, 2892.6, 2920.2, 2871.4, 2891.6, 2939.2, 2877.7, 2895.1, 2938.7, 2917.4, 2901.6,-000192.4
11:00:24,29,CC Discharge,0,0,0,0.20625,2896.4, 2910.3, 2892.4, 2919.9, 2871.1, 2891.5, 2938.9, 2877.4, 2895.0, 2938.6, 2917.3, 2901.5,-000196.4
11:00:25,30,CC Discharge,0,0,0,0.20625,2925.5, 2867.9, 2949.5, 2898.1, 2871.1, 2891.3, 2907.6, 2914.0, 2922.0, 2916.9, 2917.3, 2901.4,-000196.4
11:00:26,31,CC Discharge,0,0,0,0.20625,2926.7, 2867.8, 2950.5, 2898.2, 2871.2, 2891.4, 2907.6, 2915.1, 2923.2, 2917.0, 2917.5, 2901.5,-000196.4
11:00:27,32,CC Discharge,0,0,0,0.20625,2898.3, 2910.2, 2894.2, 2919.9, 2871.0, 2891.3, 2907.5, 2956.6, 2856.4, 2938.1, 2917.2, 2901.3,-000196.4
11:00:28,33,CC Discharge,0,0,0,0.20625,2897.5, 2910.2, 2893.5, 2920.0, 2871.1, 2891.5, 2907.5, 2957.0, 2855.7, 2938.3, 2917.3, 2901.5,-000192.4
11:00:29,34,CC Discharge,0,0,0,0.20625,2897.0, 2910.1, 2893.0, 2919.9, 2870.9, 2891.3, 2907.5, 2957.3, 2855.1, 2938.1, 2917.3, 2901.5,-000196.4
11:00:30,35,CC Discharge,0,0,0,0.20625,2897.0, 2910.2, 2893.0, 2920.0, 2870.9, 2891.4, 2907.6, 2957.6, 2855.1, 2938.2, 2917.3, 2901.5,-000196.4
11:00:31,36,CC Discharge,0,0,0,0.20625,2896.8, 2910.1, 2892.8, 2920.0, 2870.8, 2891.3, 2907.5, 2957.9, 2854.8, 2938.2, 2917.2, 2901.4,-000196.4
11:00:32,37,CC Discharge,0,0,0,0.20625,2896.6, 2910.0, 2892.6, 2919.9, 2870.7, 2891.3, 2907.5, 2958.1, 2854.6, 2938.1, 2917.2, 2901.4,-000196.4
11:00:33,38,CC Discharge,0,0,0,0.20625,2896.3, 2909.9, 2892.5, 2919.8, 2870.6, 2891.2, 2907.5, 2958.2, 2854.4, 2938.1, 2917.0, 2901.3,-000200.4
11:00:34,39,CC Discharge,0,0,0,0.20625,2896.1, 2909.8, 2892.2, 2919.7, 2870.5, 2891.1, 2907.3, 2958.3, 2854.3, 2938.0, 2917.1, 2901.3,-000200.4
11:00:35,40,CC Discharge,0,0,0,0.20625,2895.9, 2909.6, 2892.0, 2919.5, 2870.4, 2890.9, 2907.3, 2958.3, 2854.1, 2937.8, 2916.9, 2901.1,-000192.4
11:00:36,41,CC Discharge,0,0,0,0.20625,2895.7, 2909.4, 2891.7, 2919.4, 2870.1, 2890.8, 2907.2, 2958.4, 2853.8, 2937.8, 2916.9, 2901.2,-000192.4
11:00:37,42,CC Discharge,0,0,0,0.20625,2895.5, 2909.3, 2891.6, 2919.5, 2870.1, 2890.8, 2907.0, 2958.5, 2853.7, 2937.6, 2916.7, 2901.0,-000192.4
11:00:38,43,CC Discharge,0,0,0,0.20625,2895.4, 2909.2, 2891.6, 2919.3, 2870.0, 2890.6, 2907.0, 2958.5, 2853.4, 2937.5, 2916.7, 2900.9,-000192.4
11:00:39,44,CC Discharge,0,0,0,0.20625,2895.1, 2909.1, 2891.3, 2919.2, 2869.7, 2890.4, 2906.9, 2958.5, 2853.3, 2937.5, 2916.7, 2900.7,-000192.4
11:00:40,45,CC Discharge,0,0,0,0.20625,2895.1, 2909.1, 2891.3, 2919.2, 2869.8, 2890.5, 2907.0, 2958.6, 2853.1, 2937.5, 2916.6, 2900.8,-000196.4
11:00:41,46,CC Discharge,0,0,0,0.20625,2894.8, 2908.9, 2891.0, 2919.1, 2869.6, 2890.4, 2906.8, 2958.7, 2853.0, 2937.3, 2916.5, 2900.7,-000192.4
11:00:42,47,CC Discharge,0,0,0,0.20625,2894.7, 2908.8, 2890.9, 2918.9, 2869.6, 2890.3, 2906.8, 2958.8, 2852.9, 2937.3, 2916.5, 2900.7,-000192.4
11:00:43,48,CC Discharge,0,0,0,0.20625,2894.5, 2908.6, 2890.7, 2918.9, 2869.4, 2890.2, 2906.5, 2958.6, 2852.6, 2937.1, 2916.3, 2900.5,-000200.4
11:00:44,49,CC Discharge,0,0,0,0.20625,2894.4, 2908.5, 2890.7, 2918.9, 2869.3, 2890.1, 2906.6, 2958.8, 2852.6, 2937.1, 2916.3, 2900.6,-000196.4
11:00:45,50,CC Discharge,0,0,0,0.20625,2894.1, 2908.3, 2890.3, 2918.5, 2869.0, 2889.8, 2906.3, 2958.5, 2852.2, 2936.9, 2916.0, 2900.2,-000196.4
11:00:46,51,CC Discharge,0,0,0,0.20625,2894.0, 2908.2, 2890.2, 2918.6, 2868.9, 2889.7, 2906.3, 2958.6, 2852.1, 2936.8, 2916.1, 2900.2,-000196.4
11:00:47,52,CC Discharge,0,0,0,0.20625,2893.8, 2908.1, 2890.1, 2918.5, 2868.9, 2889.7, 2906.2, 2958.7, 2852.0, 2936.9, 2916.0, 2900.3,-000192.4
11:00:48,53,CC Discharge,0,0,0,0.20625,2893.7, 2907.9, 2889.9, 2918.3, 2868.4, 2889.4, 2906.0, 2958.6, 2851.8, 2936.5, 2915.7, 2900.0,-000192.4
11:00:49,54,CC Discharge,0,0,0,0.20625,2893.3, 2907.7, 2889.9, 2918.3, 2868.6, 2889.5, 2906.1, 2958.6, 2851.6, 2936.6, 2915.7, 2900.0,-000196.4
11:00:50,55,CC Discharge,0,0,0,0.20625,2893.2, 2907.6, 2889.6, 2918.0, 2868.3, 2889.2, 2905.7, 2958.4, 2851.4, 2936.3, 2915.5, 2899.8,-000192.4
11:00:51,56,CC Discharge,0,0,0,0.20625,2893.0, 2907.5, 2889.5, 2917.9, 2868.0, 2889.1, 2905.8, 2958.4, 2851.2, 2936.2, 2915.4, 2899.7,-000196.4
11:00:52,57,CC Discharge,0,0,0,0.20625,2892.8, 2907.3, 2889.2, 2917.8, 2868.1, 2889.1, 2905.6, 2958.4, 2851.0, 2936.2, 2915.3, 2899.7,-000200.4
11:00:53,58,CC Discharge,0,0,0,0.20625,2892.6, 2907.1, 2889.1, 2917.6, 2867.8, 2888.9, 2905.4, 2958.3, 2850.9, 2936.0, 2915.3, 2899.5,-000200.4
11:00:54,59,CC Discharge,0,0,0,0.20625,2892.3, 2906.9, 2888.8, 2917.6, 2867.7, 2888.7, 2905.2, 2958.1, 2850.5, 2935.9, 2915.0, 2899.3,-000196.4
11:00:55,60,CC Discharge,0,0,0,0.20625,2921.3, 2864.5, 2945.8, 2895.6, 2867.6, 2888.6, 2905.2, 2917.4, 2917.9, 2914.5, 2914.9, 2899.3,-000196.4
11:00:56,61,CC Discharge,0,0,0,0.20625,2922.5, 2864.6, 2947.0, 2895.7, 2867.7, 2888.7, 2905.4, 2917.6, 2919.1, 2914.6, 2915.1, 2899.4,-000192.4
11:00:57,62,CC Discharge,0,0,0,0.20625,2894.0, 2906.5, 2890.4, 2917.2, 2867.2, 2888.4, 2936.4, 2880.5, 2892.5, 2967.0, 2866.7, 2910.5,-000192.4
11:00:58,63,CC Discharge,0,0,0,0.20625,2893.1, 2906.4, 2889.6, 2917.1, 2867.2, 2888.3, 2936.5, 2879.5, 2891.8, 2967.0, 2865.6, 2910.5,-000196.4
11:00:59,64,CC Discharge,0,0,0,0.20625,2892.7, 2906.2, 2889.2, 2917.1, 2867.0, 2888.1, 2936.3, 2878.6, 2891.2, 2966.8, 2864.6, 2910.4,-000196.4
11:01:00,65,CC Discharge,0,0,0,0.20625,2892.2, 2906.1, 2888.8, 2916.9, 2866.8, 2888.0, 2936.2, 2877.9, 2890.7, 2966.7, 2863.9, 2910.3,-000200.4
11:01:01,66,CC Discharge,0,0,0,0.20625,2891.9, 2905.9, 2888.6, 2916.8, 2866.6, 2887.8, 2936.0, 2877.4, 2890.4, 2966.4, 2863.3, 2910.0,-000192.4
11:01:02,67,CC Discharge,0,0,0,0.20625,2891.7, 2905.7, 2888.3, 2916.5, 2866.4, 2887.6, 2935.8, 2877.0, 2890.3, 2966.4, 2862.8, 2910.0,-000196.4
11:01:03,68,CC Discharge,0,0,0,0.20625,2891.3, 2905.4, 2887.9, 2916.3, 2866.1, 2887.4, 2935.6, 2876.3, 2889.7, 2966.1, 2862.1, 2909.8,-000196.4
11:01:04,69,CC Discharge,0,0,0,0.20625,2891.0, 2905.1, 2887.7, 2916.2, 2865.9, 2887.2, 2935.4, 2875.9, 2889.5, 2965.9, 2861.7, 2909.5,-000192.4
11:01:05,70,CC Discharge,0,0,0,0.20625,2890.8, 2904.9, 2887.5, 2916.0, 2865.7, 2887.1, 2935.3, 2875.4, 2889.2, 2965.7, 2861.2, 2909.4,-000192.4
11:01:06,71,CC Discharge,0,0,0,0.20625,2890.6, 2904.9, 2887.4, 2915.9, 2865.7, 2887.0, 2935.2, 2875.2, 2889.1, 2965.8, 2860.9, 2909.4,-000200.4
11:01:07,72,CC Discharge,0,0,0,0.20625,2890.4, 2904.8, 2887.1, 2915.9, 2865.5, 2886.8, 2935.2, 2874.9, 2888.9, 2965.5, 2860.4, 2909.3,-000192.4
11:01:08,73,CC Discharge,0,0,0,0.20625,2890.2, 2904.5, 2887.0, 2915.7, 2865.2, 2886.7, 2934.9, 2874.5, 2888.6, 2965.4, 2860.0, 2909.1,-000196.4
11:01:09,74,CC Discharge,0,0,0,0.20625,2889.9, 2904.4, 2886.7, 2915.5, 2865.1, 2886.6, 2934.8, 2874.1, 2888.3, 2965.2, 2859.6, 2908.9,-000204.4
11:01:10,75,CC Discharge,0,0,0,0.20625,2889.7, 2904.2, 2886.5, 2915.3, 2864.9, 2886.4, 2934.7, 2873.7, 2888.2, 2965.2, 2859.2, 2908.8,-000192.4
11:01:11,76,CC Discharge,0,0,0,0.20625,2889.7, 2904.3, 2886.6, 2915.5, 2864.9, 2886.4, 2934.8, 2873.7, 2888.2, 2965.2, 2859.1, 2909.0,-000188.4
11:01:12,77,CC Discharge,0,0,0,0.20625,2889.4, 2904.0, 2886.4, 2915.3, 2864.7, 2886.3, 2934.6, 2873.4, 2887.9, 2965.0, 2858.8, 2908.9,-000200.4
11:01:13,78,CC Discharge,0,0,0,0.20625,2889.1, 2903.7, 2886.0, 2915.0, 2864.5, 2886.0, 2934.2, 2872.9, 2887.5, 2964.7, 2858.2, 2908.6,-000192.4
11:01:14,79,CC Discharge,0,0,0,0.20625,2888.7, 2903.5, 2885.8, 2914.7, 2864.3, 2885.8, 2934.1, 2872.4, 2887.2, 2964.5, 2857.8, 2908.3,-000196.4
11:01:15,80,CC Discharge,0,0,0,0.20625,2888.7, 2903.4, 2885.7, 2914.7, 2864.1, 2885.8, 2934.0, 2872.4, 2887.1, 2964.5, 2857.7, 2908.3,-000196.4
11:01:16,81,CC Discharge,0,0,0,0.20625,2888.5, 2903.3, 2885.5, 2914.6, 2864.0, 2885.6, 2934.0, 2872.1, 2887.0, 2964.3, 2857.2, 2908.2,-000200.4
11:01:17,82,CC Discharge,0,0,0,0.20625,2888.3, 2903.0, 2885.3, 2914.5, 2863.7, 2885.4, 2933.8, 2871.8, 2886.7, 2964.2, 2857.0, 2908.1,-000192.4
11:01:18,83,CC Discharge,0,0,0,0.20625,2888.1, 2902.9, 2885.2, 2914.3, 2863.6, 2885.4, 2933.8, 2871.5, 2886.5, 2964.2, 2856.6, 2907.9,-000200.4
11:01:19,84,CC Discharge,0,0,0,0.20625,2888.0, 2902.7, 2884.9, 2914.1, 2863.3, 2885.1, 2933.6, 2871.3, 2886.2, 2964.0, 2856.2, 2907.8,-000200.4
11:01:20,85,CC Discharge,0,0,0,0.20625,2887.7, 2902.5, 2884.7, 2914.0, 2863.2, 2884.9, 2933.4, 2871.0, 2886.1, 2963.8, 2856.1, 2907.6,-000192.4
11:01:21,86,CC Discharge,0,0,0,0.20625,2887.4, 2902.3, 2884.5, 2913.9, 2863.0, 2884.7, 2933.2, 2870.6, 2885.8, 2963.6, 2855.7, 2907.4,-000196.4
11:01:22,87,CC Discharge,0,0,0,0.20625,2887.1, 2902.1, 2884.3, 2913.6, 2862.8, 2884.6, 2933.0, 2870.4, 2885.6, 2963.4, 2855.4, 2907.3,-000200.4
11:01:23,88,CC Discharge,0,0,0,0.20625,2886.9, 2901.7, 2884.0, 2913.5, 2862.6, 2884.3, 2932.8, 2870.0, 2885.2, 2963.2, 2855.0, 2907.0,-000192.4
11:01:24,89,CC Discharge,0,0,0,0.20625,2886.7, 2901.7, 2883.9, 2913.3, 2862.4, 2884.2, 2932.7, 2869.7, 2885.0, 2963.1, 2854.7, 2906.9,-000200.4
11:01:25,90,CC Discharge,0,0,0,0.20625,2915.5, 2859.2, 2940.5, 2891.3, 2862.1, 2883.9, 2901.1, 2906.0, 2911.8, 2910.4, 2902.2, 2895.4,-000192.4
11:01:26,91,CC Discharge,0,0,0,0.20625,2916.4, 2859.0, 2941.4, 2891.1, 2861.8, 2883.8, 2900.9, 2906.9, 2912.9, 2910.1, 2903.2, 2895.2,-000192.4
11:01:27,92,CC Discharge,0,0,0,0.20625,2888.2, 2901.0, 2885.3, 2912.8, 2861.7, 2883.6, 2900.8, 2948.6, 2866.8, 2873.6, 2935.2, 2895.0,-000196.4
11:01:28,93,CC Discharge,0,0,0,0.20625,2887.1, 2900.8, 2884.2, 2912.4, 2861.4, 2883.3, 2900.6, 2948.7, 2865.6, 2872.2, 2935.2, 2894.6,-000196.4
11:01:29,94,CC Discharge,0,0,0,0.20625,2886.5, 2900.5, 2883.7, 2912.3, 2861.2, 2883.1, 2900.3, 2948.9, 2865.2, 2871.2, 2935.4, 2894.5,-000204.4
11:01:30,95,CC Discharge,0,0,0,0.20625,2886.1, 2900.2, 2883.4, 2912.1, 2861.0, 2883.0, 2900.2, 2949.0, 2864.7, 2870.4, 2935.6, 2894.4,-000200.4
11:01:31,96,CC Discharge,0,0,0,0.20625,2885.9, 2900.2, 2883.3, 2912.1, 2860.9, 2882.9, 2900.2, 2949.1, 2864.5, 2870.1, 2935.7, 2894.4,-000192.4
11:01:32,97,CC Discharge,0,0,0,0.20625,2885.6, 2900.0, 2882.9, 2911.9, 2860.6, 2882.8, 2900.0, 2949.2, 2864.3, 2869.5, 2935.8, 2894.2,-000200.4
11:01:33,98,CC Discharge,0,0,0,0.20625,2885.3, 2899.8, 2882.6, 2911.7, 2860.3, 2882.5, 2899.9, 2949.4, 2863.9, 2868.9, 2935.9, 2894.0,-000192.4
11:01:34,99,CC Discharge,0,0,0,0.20625,2885.1, 2899.7, 2882.5, 2911.6, 2860.3, 2882.4, 2899.7, 2949.4, 2863.6, 2868.4, 2935.9, 2893.9,-000196.4
11:01:35,100,CC Discharge,0,0,0,0.20625,2884.7, 2899.4, 2882.2, 2911.3, 2860.0, 2882.3, 2899.5, 2949.3, 2863.5, 2868.0, 2935.9, 2893.7,-000192.4
11:01:36,101,CC Discharge,0,0,0,0.20625,2884.7, 2899.4, 2882.1, 2911.4, 2860.1, 2882.3, 2899.7, 2949.6, 2863.5, 2867.8, 2936.1, 2893.9,-000192.4
11:01:37,102,CC Discharge,0,0,0,0.20625,2884.4, 2899.2, 2881.9, 2911.2, 2859.9, 2882.1, 2899.5, 2949.6, 2863.1, 2867.4, 2936.1, 2893.6,-000192.4
11:01:38,103,CC Discharge,0,0,0,0.20625,2884.2, 2898.9, 2881.7, 2911.1, 2859.6, 2882.0, 2899.3, 2949.5, 2862.8, 2866.8, 2936.0, 2893.4,-000188.4
11:01:39,104,CC Discharge,0,0,0,0.20625,2883.9, 2898.7, 2881.4, 2910.8, 2859.4, 2881.8, 2899.1, 2949.4, 2862.6, 2866.5, 2935.9, 2893.3,-000196.4
11:01:40,105,CC Discharge,0,0,0,0.20625,2883.5, 2898.5, 2881.2, 2910.7, 2859.2, 2881.5, 2898.8, 2949.3, 2862.3, 2865.9, 2935.9, 2893.1,-000188.4
11:01:41,106,CC Discharge,0,0,0,0.20625,2883.4, 2898.3, 2880.9, 2910.5, 2859.0, 2881.4, 2898.7, 2949.2, 2862.0, 2865.5, 2935.7, 2892.9,-000196.4
11:01:42,107,CC Discharge,0,0,0,0.20625,2883.1, 2898.1, 2880.7, 2910.3, 2858.7, 2881.1, 2898.5, 2949.2, 2861.8, 2865.2, 2935.7, 2892.8,-000192.4
11:01:43,108,CC Discharge,0,0,0,0.20625,2882.8, 2897.8, 2880.5, 2910.1, 2858.5, 2880.9, 2898.3, 2949.0, 2861.5, 2864.8, 2935.5, 2892.6,-000188.4
11:01:44,109,CC Discharge,0,0,0,0.20625,2882.6, 2897.6, 2880.3, 2909.9, 2858.2, 2880.7, 2898.2, 2949.0, 2861.3, 2864.4, 2935.5, 2892.4,-000192.4
11:01:45,110,CC Discharge,0,0,0,0.20625,2882.4, 2897.6, 2880.1, 2909.9, 2858.2, 2880.6, 2898.1, 2949.0, 2861.1, 2864.1, 2935.5, 2892.4,-000192.4
11:01:46,111,CC Discharge,0,0,0,0.20625,2882.1, 2897.2, 2879.9, 2909.6, 2857.8, 2880.4, 2898.0, 2948.9, 2860.8, 2863.7, 2935.2, 2892.1,-000196.4
11:01:47,112,CC Discharge,0,0,0,0.20625,2882.0, 2897.0, 2879.6, 2909.5, 2857.7, 2880.2, 2897.8, 2948.8, 2860.5, 2863.4, 2935.2, 2891.9,-000196.4
11:01:48,113,CC Discharge,0,0,0,0.20625,2881.6, 2896.8, 2879.4, 2909.2, 2857.5, 2880.0, 2897.6, 2948.7, 2860.3, 2863.0, 2935.1, 2891.7,-000196.4
11:01:49,114,CC Discharge,0,0,0,0.20625,2881.3, 2896.5, 2879.2, 2909.0, 2857.2, 2879.8, 2897.4, 2948.6, 2860.1, 2862.7, 2934.8, 2891.5,-000192.4
11:01:50,115,CC Discharge,0,0,0,0.20625,2881.2, 2896.4, 2879.1, 2908.8, 2856.9, 2879.6, 2897.2, 2948.4, 2859.8, 2862.4, 2934.8, 2891.4,-000200.4
11:01:51,116,CC Discharge,0,0,0,0.20625,2880.8, 2896.0, 2878.6, 2908.5, 2856.6, 2879.2, 2896.8, 2948.2, 2859.4, 2862.0, 2934.5, 2891.0,-000196.4
11:01:52,117,CC Discharge,0,0,0,0.20625,2880.8, 2896.0, 2878.6, 2908.5, 2856.6, 2879.3, 2896.8, 2948.3, 2859.3, 2861.7, 2934.6, 2891.1,-000200.4
11:01:53,118,CC Discharge,0,0,0,0.20625,2880.4, 2895.8, 2878.3, 2908.3, 2856.3, 2879.0, 2896.7, 2948.1, 2859.0, 2861.3, 2934.4, 2890.9,-000196.4
11:01:54,119,CC Discharge,0,0,0,0.20625,2880.1, 2895.5, 2878.1, 2908.2, 2856.1, 2878.8, 2896.6, 2948.0, 2858.7, 2861.0, 2934.3, 2890.8,-000192.4
11:01:55,120,CC Discharge,0,0,0,0.20625,2908.8, 2852.8, 2934.5, 2886.0, 2855.7, 2878.4, 2896.1, 2906.8, 2905.0, 2896.7, 2902.7, 2890.4,-000192.4
11:01:56,121,CC Discharge,0,0,0,0.20625,2909.8, 2852.8, 2935.5, 2885.9, 2855.6, 2878.5, 2896.1, 2906.7, 2906.1, 2897.7, 2902.7, 2890.3,-000196.4
11:01:57,122,CC Discharge,0,0,0,0.20625,2881.4, 2894.7, 2879.2, 2907.6, 2855.4, 2878.2, 2927.3, 2870.0, 2879.7, 2919.7, 2902.5, 2890.2,-000200.4
11:01:58,123,CC Discharge,0,0,0,0.20625,2880.4, 2894.5, 2878.3, 2907.4, 2855.2, 2878.1, 2927.1, 2868.7, 2878.7, 2919.8, 2902.4, 2890.1,-000196.4
11:01:59,124,CC Discharge,0,0,0,0.20625,2879.7, 2894.2, 2877.7, 2907.0, 2854.9, 2877.7, 2926.8, 2867.7, 2878.1, 2919.9, 2902.2, 2889.7,-000196.4
11:02:00,125,CC Discharge,0,0,0,0.20625,2879.5, 2894.2, 2877.5, 2907.0, 2854.7, 2877.6, 2926.8, 2867.1, 2877.7, 2920.1, 2902.1, 2889.7,-000196.4
11:02:01,126,CC Discharge,0,0,0,0.20625,2879.2, 2894.0, 2877.3, 2906.8, 2854.6, 2877.6, 2926.6, 2866.5, 2877.4, 2920.3, 2902.0, 2889.6,-000196.4
11:02:02,127,CC Discharge,0,0,0,0.20625,2879.0, 2893.7, 2877.0, 2906.6, 2854.3, 2877.3, 2926.4, 2866.0, 2877.2, 2920.2, 2901.9, 2889.4,-000192.4
11:02:03,128,CC Discharge,0,0,0,0.20625,2878.5, 2893.4, 2876.6, 2906.4, 2854.0, 2877.0, 2926.1, 2865.4, 2876.8, 2920.2, 2901.6, 2889.1,-000192.4
11:02:04,129,CC Discharge,0,0,0,0.20625,2878.1, 2893.1, 2876.3, 2906.0, 2853.7, 2876.6, 2925.9, 2864.8, 2876.4, 2920.1, 2901.3, 2888.8,-000196.4
11:02:05,130,CC Discharge,0,0,0,0.20625,2877.9, 2892.9, 2876.0, 2905.9, 2853.4, 2876.5, 2925.8, 2864.3, 2876.1, 2920.0, 2901.2, 2888.6,-000192.4
11:02:06,131,CC Discharge,0,0,0,0.20625,2877.7, 2892.9, 2876.0, 2905.9, 2853.4, 2876.5, 2925.8, 2864.1, 2876.0, 2920.2, 2901.3, 2888.8,-000196.4
11:02:07,132,CC Discharge,0,0,0,0.20625,2877.4, 2892.5, 2875.6, 2905.6, 2853.1, 2876.3, 2925.5, 2863.6, 2875.6, 2920.0, 2901.0, 2888.5,-000196.4
11:02:08,133,CC Discharge,0,0,0,0.20625,2877.2, 2892.3, 2875.4, 2905.4, 2853.0, 2876.1, 2925.3, 2863.3, 2875.3, 2920.0, 2900.9, 2888.2,-000200.4
11:02:09,134,CC Discharge,0,0,0,0.20625,2877.0, 2892.2, 2875.3, 2905.4, 2852.8, 2876.1, 2925.3, 2863.0, 2875.2, 2920.1, 2900.9, 2888.3,-000196.4
11:02:10,135,CC Discharge,0,0,0,0.20625,2876.5, 2891.8, 2874.9, 2905.0, 2852.5, 2875.5, 2924.9, 2862.3, 2874.8, 2919.8, 2900.5, 2887.9,-000192.4
11:02:11,136,CC Discharge,0,0,0,0.20625,2876.3, 2891.6, 2874.6, 2904.7, 2852.1, 2875.5, 2924.6, 2861.9, 2874.4, 2919.7, 2900.4, 2887.7,-000196.4
11:02:12,137,CC Discharge,0,0,0,0.20625,2876.3, 2891.6, 2874.6, 2904.8, 2852.0, 2875.3, 2924.7, 2861.8, 2874.5, 2919.8, 2900.4, 2887.6,-000200.4
11:02:13,138,CC Discharge,0,0,0,0.20625,2876.0, 2891.3, 2874.3, 2904.6, 2851.9, 2875.2, 2924.6, 2861.5, 2874.2, 2919.6, 2900.3, 2887.5,-000200.4
11:02:14,139,CC Discharge,0,0,0,0.20625,2875.8, 2891.1, 2874.2, 2904.4, 2851.7, 2875.1, 2924.4, 2861.2, 2874.0, 2919.7, 2900.2, 2887.4,-000196.4
11:02:15,140,CC Discharge,0,0,0,0.20625,2875.5, 2891.0, 2874.0, 2904.2, 2851.5, 2874.9, 2924.2, 2860.8, 2873.7, 2919.7, 2900.0, 2887.2,-000200.4
11:02:16,141,CC Discharge,0,0,0,0.20625,2875.1, 2890.4, 2873.5, 2903.9, 2851.0, 2874.4, 2923.7, 2860.1, 2873.2, 2919.2, 2899.5, 2886.7,-000196.4
11:02:17,142,CC Discharge,0,0,0,0.20625,2874.9, 2890.3, 2873.4, 2903.9, 2851.0, 2874.4, 2923.7, 2860.1, 2873.1, 2919.3, 2899.7, 2886.8,-000192.4
11:02:18,143,CC Discharge,0,0,0,0.20625,2874.7, 2890.1, 2873.3, 2903.5, 2850.6, 2874.2, 2923.5, 2859.7, 2872.8, 2919.0, 2899.5, 2886.5,-000192.4
11:02:19,144,CC Discharge,0,0,0,0.20625,2874.4, 2889.9, 2873.0, 2903.4, 2850.4, 2873.9, 2923.5, 2859.5, 2872.6, 2919.0, 2899.3, 2886.4,-000196.4
11:02:20,145,CC Discharge,0,0,0,0.20625,2874.2, 2889.7, 2872.9, 2903.2, 2850.3, 2873.8, 2923.3, 2859.1, 2872.4, 2918.8, 2899.2, 2886.2,-000196.4
11:02:21,146,CC Discharge,0,0,0,0.20625,2873.9, 2889.3, 2872.4, 2903.0, 2849.9, 2873.5, 2922.9, 2858.7, 2872.0, 2918.6, 2898.8, 2885.8,-000196.4
